ordering_name,ordering,shock,response,horizon,value,lower_95,upper_95,Acceptable if
A_policy_first,"FEDFUNDS, INF, UNRATE, INDPRO_GROWTH, SENTIMENT_CHANGE",FEDFUNDS,INF,0,0.05794528160050845,0.035400254092296385,0.08298406418338564,similar signs across defensible orderings indicate stronger IRF robustness; differences indicate identification sensitivity
A_policy_first,"FEDFUNDS, INF, UNRATE, INDPRO_GROWTH, SENTIMENT_CHANGE",FEDFUNDS,INF,1,0.07212946026526078,0.04016843456983999,0.09995075936030823,similar signs across defensible orderings indicate stronger IRF robustness; differences indicate identification sensitivity
A_policy_first,"FEDFUNDS, INF, UNRATE, INDPRO_GROWTH, SENTIMENT_CHANGE",FEDFUNDS,INF,2,0.04259273674633371,0.00943846199621708,0.07528774514177101,similar signs across defensible orderings indicate stronger IRF robustness; differences indicate identification sensitivity
A_policy_first,"FEDFUNDS, INF, UNRATE, INDPRO_GROWTH, SENTIMENT_CHANGE",FEDFUNDS,INF,3,-0.008023636769680558,-0.03913912333418334,0.026291966781210974,similar signs across defensible orderings indicate stronger IRF robustness; differences indicate identification sensitivity
A_policy_first,"FEDFUNDS, INF, UNRATE, INDPRO_GROWTH, SENTIMENT_CHANGE",FEDFUNDS,INF,4,-0.00816730035545432,-0.03408124375759356,0.015422288839527043,similar signs across defensible orderings indicate stronger IRF robustness; differences indicate identification sensitivity
A_policy_first,"FEDFUNDS, INF, UNRATE, INDPRO_GROWTH, SENTIMENT_CHANGE",FEDFUNDS,INF,5,0.0020634993468965574,-0.02334159511270422,0.02624470949472934,similar signs across defensible orderings indicate stronger IRF robustness; differences indicate identification sensitivity
A_policy_first,"FEDFUNDS, INF, UNRATE, INDPRO_GROWTH, SENTIMENT_CHANGE",FEDFUNDS,INF,6,0.0020060276248506648,-0.02097350163126298,0.02299094861686195,similar signs across defensible orderings indicate stronger IRF robustness; differences indicate identification sensitivity
A_policy_first,"FEDFUNDS, INF, UNRATE, INDPRO_GROWTH, SENTIMENT_CHANGE",FEDFUNDS,INF,7,0.0010672198128347866,-0.02065407011809812,0.017259621638203264,similar signs across defensible orderings indicate stronger IRF robustness; differences indicate identification sensitivity
A_policy_first,"FEDFUNDS, INF, UNRATE, INDPRO_GROWTH, SENTIMENT_CHANGE",FEDFUNDS,INF,8,0.0027170986499043793,-0.014140770708748106,0.019289041759795567,similar signs across defensible orderings indicate stronger IRF robustness; differences indicate identification sensitivity
A_policy_first,"FEDFUNDS, INF, UNRATE, INDPRO_GROWTH, SENTIMENT_CHANGE",FEDFUNDS,INF,9,0.00154437198541659,-0.014510309279770435,0.01587973778163271,similar signs across defensible orderings indicate stronger IRF robustness; differences indicate identification sensitivity
A_policy_first,"FEDFUNDS, INF, UNRATE, INDPRO_GROWTH, SENTIMENT_CHANGE",FEDFUNDS,INF,10,0.00029456412246011977,-0.013737483234500296,0.01364467874318136,similar signs across defensible orderings indicate stronger IRF robustness; differences indicate identification sensitivity
A_policy_first,"FEDFUNDS, INF, UNRATE, INDPRO_GROWTH, SENTIMENT_CHANGE",FEDFUNDS,INF,11,0.0002357254005213518,-0.013285367733387586,0.011791728406189795,similar signs across defensible orderings indicate stronger IRF robustness; differences indicate identification sensitivity
A_policy_first,"FEDFUNDS, INF, UNRATE, INDPRO_GROWTH, SENTIMENT_CHANGE",FEDFUNDS,INF,12,-0.00012020763914671791,-0.013955431614970716,0.011047578361897,similar signs across defensible orderings indicate stronger IRF robustness; differences indicate identification sensitivity
A_policy_first,"FEDFUNDS, INF, UNRATE, INDPRO_GROWTH, SENTIMENT_CHANGE",FEDFUNDS,INF,13,-0.00042389493791365106,-0.013131036650246192,0.010335062721763015,similar signs across defensible orderings indicate stronger IRF robustness; differences indicate identification sensitivity
A_policy_first,"FEDFUNDS, INF, UNRATE, INDPRO_GROWTH, SENTIMENT_CHANGE",FEDFUNDS,INF,14,-0.0003154069624526703,-0.012557702195368304,0.010068745510544229,similar signs across defensible orderings indicate stronger IRF robustness; differences indicate identification sensitivity
A_policy_first,"FEDFUNDS, INF, UNRATE, INDPRO_GROWTH, SENTIMENT_CHANGE",FEDFUNDS,INF,15,0.00037177484479104697,-0.012033469610260574,0.009707617810406995,similar signs across defensible orderings indicate stronger IRF robustness; differences indicate identification sensitivity
A_policy_first,"FEDFUNDS, INF, UNRATE, INDPRO_GROWTH, SENTIMENT_CHANGE",FEDFUNDS,INF,16,0.0010169125548434655,-0.011337359828214976,0.009873166897075748,similar signs across defensible orderings indicate stronger IRF robustness; differences indicate identification sensitivity
A_policy_first,"FEDFUNDS, INF, UNRATE, INDPRO_GROWTH, SENTIMENT_CHANGE",FEDFUNDS,INF,17,0.0010534817474678682,-0.01115363178717773,0.009956921848155042,similar signs across defensible orderings indicate stronger IRF robustness; differences indicate identification sensitivity
A_policy_first,"FEDFUNDS, INF, UNRATE, INDPRO_GROWTH, SENTIMENT_CHANGE",FEDFUNDS,INF,18,0.0008139482664054395,-0.011181101552954001,0.009776446916800179,similar signs across defensible orderings indicate stronger IRF robustness; differences indicate identification sensitivity
A_policy_first,"FEDFUNDS, INF, UNRATE, INDPRO_GROWTH, SENTIMENT_CHANGE",FEDFUNDS,INF,19,0.0007034399134441467,-0.011371125697911722,0.009586565218564247,similar signs across defensible orderings indicate stronger IRF robustness; differences indicate identification sensitivity
A_policy_first,"FEDFUNDS, INF, UNRATE, INDPRO_GROWTH, SENTIMENT_CHANGE",FEDFUNDS,INF,20,0.0007070061337363466,-0.011035074163446738,0.009260626313391859,similar signs across defensible orderings indicate stronger IRF robustness; differences indicate identification sensitivity
A_policy_first,"FEDFUNDS, INF, UNRATE, INDPRO_GROWTH, SENTIMENT_CHANGE",FEDFUNDS,INF,21,0.0007367793040496911,-0.010512736620367863,0.009436922879803817,similar signs across defensible orderings indicate stronger IRF robustness; differences indicate identification sensitivity
A_policy_first,"FEDFUNDS, INF, UNRATE, INDPRO_GROWTH, SENTIMENT_CHANGE",FEDFUNDS,INF,22,0.0008087897513887269,-0.010228178343796824,0.009144700726355828,similar signs across defensible orderings indicate stronger IRF robustness; differences indicate identification sensitivity
A_policy_first,"FEDFUNDS, INF, UNRATE, INDPRO_GROWTH, SENTIMENT_CHANGE",FEDFUNDS,INF,23,0.0009030939772888588,-0.010218624596930296,0.009101678643109219,similar signs across defensible orderings indicate stronger IRF robustness; differences indicate identification sensitivity
A_policy_first,"FEDFUNDS, INF, UNRATE, INDPRO_GROWTH, SENTIMENT_CHANGE",FEDFUNDS,INF,24,0.0009606647313678577,-0.01034945306308588,0.008679239259303244,similar signs across defensible orderings indicate stronger IRF robustness; differences indicate identification sensitivity
A_policy_first,"FEDFUNDS, INF, UNRATE, INDPRO_GROWTH, SENTIMENT_CHANGE",FEDFUNDS,UNRATE,0,-0.022679021189281424,-0.08457024394440896,0.031664574580899836,similar signs across defensible orderings indicate stronger IRF robustness; differences indicate identification sensitivity
A_policy_first,"FEDFUNDS, INF, UNRATE, INDPRO_GROWTH, SENTIMENT_CHANGE",FEDFUNDS,UNRATE,1,-0.2840327793381987,-0.3648891826114738,-0.20329174413574191,similar signs across defensible orderings indicate stronger IRF robustness; differences indicate identification sensitivity
A_policy_first,"FEDFUNDS, INF, UNRATE, INDPRO_GROWTH, SENTIMENT_CHANGE",FEDFUNDS,UNRATE,2,-0.23770603382076852,-0.33721295500580706,-0.13045243040652615,similar signs across defensible orderings indicate stronger IRF robustness; differences indicate identification sensitivity
A_policy_first,"FEDFUNDS, INF, UNRATE, INDPRO_GROWTH, SENTIMENT_CHANGE",FEDFUNDS,UNRATE,3,-0.20739555628222583,-0.3194552126480065,-0.08907882678335252,similar signs across defensible orderings indicate stronger IRF robustness; differences indicate identification sensitivity
A_policy_first,"FEDFUNDS, INF, UNRATE, INDPRO_GROWTH, SENTIMENT_CHANGE",FEDFUNDS,UNRATE,4,-0.21931694045854436,-0.33272122087086503,-0.09966490601528614,similar signs across defensible orderings indicate stronger IRF robustness; differences indicate identification sensitivity
A_policy_first,"FEDFUNDS, INF, UNRATE, INDPRO_GROWTH, SENTIMENT_CHANGE",FEDFUNDS,UNRATE,5,-0.20850057809521944,-0.3206952076987519,-0.09346060896680754,similar signs across defensible orderings indicate stronger IRF robustness; differences indicate identification sensitivity
A_policy_first,"FEDFUNDS, INF, UNRATE, INDPRO_GROWTH, SENTIMENT_CHANGE",FEDFUNDS,UNRATE,6,-0.20971271786590107,-0.32277888206652255,-0.08613908612856604,similar signs across defensible orderings indicate stronger IRF robustness; differences indicate identification sensitivity
A_policy_first,"FEDFUNDS, INF, UNRATE, INDPRO_GROWTH, SENTIMENT_CHANGE",FEDFUNDS,UNRATE,7,-0.21845230698354215,-0.3307248567048733,-0.07678188609220395,similar signs across defensible orderings indicate stronger IRF robustness; differences indicate identification sensitivity
A_policy_first,"FEDFUNDS, INF, UNRATE, INDPRO_GROWTH, SENTIMENT_CHANGE",FEDFUNDS,UNRATE,8,-0.22199247205800673,-0.33668790405040966,-0.07131166241095906,similar signs across defensible orderings indicate stronger IRF robustness; differences indicate identification sensitivity
A_policy_first,"FEDFUNDS, INF, UNRATE, INDPRO_GROWTH, SENTIMENT_CHANGE",FEDFUNDS,UNRATE,9,-0.22656996790492398,-0.33938295366053856,-0.07377406795377685,similar signs across defensible orderings indicate stronger IRF robustness; differences indicate identification sensitivity
A_policy_first,"FEDFUNDS, INF, UNRATE, INDPRO_GROWTH, SENTIMENT_CHANGE",FEDFUNDS,UNRATE,10,-0.22574162427171118,-0.3366905219609026,-0.07600153256883213,similar signs across defensible orderings indicate stronger IRF robustness; differences indicate identification sensitivity
A_policy_first,"FEDFUNDS, INF, UNRATE, INDPRO_GROWTH, SENTIMENT_CHANGE",FEDFUNDS,UNRATE,11,-0.22070881905042203,-0.3421554180459829,-0.06689574248418789,similar signs across defensible orderings indicate stronger IRF robustness; differences indicate identification sensitivity
A_policy_first,"FEDFUNDS, INF, UNRATE, INDPRO_GROWTH, SENTIMENT_CHANGE",FEDFUNDS,UNRATE,12,-0.21576426763963533,-0.3370400929932746,-0.057663636994733806,similar signs across defensible orderings indicate stronger IRF robustness; differences indicate identification sensitivity
A_policy_first,"FEDFUNDS, INF, UNRATE, INDPRO_GROWTH, SENTIMENT_CHANGE",FEDFUNDS,UNRATE,13,-0.20847544920977304,-0.3270002600931177,-0.04943377390347664,similar signs across defensible orderings indicate stronger IRF robustness; differences indicate identification sensitivity
A_policy_first,"FEDFUNDS, INF, UNRATE, INDPRO_GROWTH, SENTIMENT_CHANGE",FEDFUNDS,UNRATE,14,-0.20182168584015756,-0.31805044686900413,-0.03821198954316777,similar signs across defensible orderings indicate stronger IRF robustness; differences indicate identification sensitivity
A_policy_first,"FEDFUNDS, INF, UNRATE, INDPRO_GROWTH, SENTIMENT_CHANGE",FEDFUNDS,UNRATE,15,-0.19628326027245654,-0.30484484448352184,-0.032013635328793096,similar signs across defensible orderings indicate stronger IRF robustness; differences indicate identification sensitivity
A_policy_first,"FEDFUNDS, INF, UNRATE, INDPRO_GROWTH, SENTIMENT_CHANGE",FEDFUNDS,UNRATE,16,-0.19094949287839108,-0.2934478429901439,-0.02910615352448141,similar signs across defensible orderings indicate stronger IRF robustness; differences indicate identification sensitivity
A_policy_first,"FEDFUNDS, INF, UNRATE, INDPRO_GROWTH, SENTIMENT_CHANGE",FEDFUNDS,UNRATE,17,-0.18591776617635467,-0.2893614109124225,-0.01993548176094398,similar signs across defensible orderings indicate stronger IRF robustness; differences indicate identification sensitivity
A_policy_first,"FEDFUNDS, INF, UNRATE, INDPRO_GROWTH, SENTIMENT_CHANGE",FEDFUNDS,UNRATE,18,-0.18020953585222535,-0.28429658727460455,-0.011455492924972308,similar signs across defensible orderings indicate stronger IRF robustness; differences indicate identification sensitivity
A_policy_first,"FEDFUNDS, INF, UNRATE, INDPRO_GROWTH, SENTIMENT_CHANGE",FEDFUNDS,UNRATE,19,-0.17352594339290614,-0.27579446016556486,-0.004118299788960942,similar signs across defensible orderings indicate stronger IRF robustness; differences indicate identification sensitivity
A_policy_first,"FEDFUNDS, INF, UNRATE, INDPRO_GROWTH, SENTIMENT_CHANGE",FEDFUNDS,UNRATE,20,-0.16656796359334852,-0.26841629612092927,0.0071507728066894346,similar signs across defensible orderings indicate stronger IRF robustness; differences indicate identification sensitivity
A_policy_first,"FEDFUNDS, INF, UNRATE, INDPRO_GROWTH, SENTIMENT_CHANGE",FEDFUNDS,UNRATE,21,-0.15966110088998428,-0.2619840048142179,0.018159126866757358,similar signs across defensible orderings indicate stronger IRF robustness; differences indicate identification sensitivity
A_policy_first,"FEDFUNDS, INF, UNRATE, INDPRO_GROWTH, SENTIMENT_CHANGE",FEDFUNDS,UNRATE,22,-0.15293359315355895,-0.2574375253810635,0.02839199206059828,similar signs across defensible orderings indicate stronger IRF robustness; differences indicate identification sensitivity
A_policy_first,"FEDFUNDS, INF, UNRATE, INDPRO_GROWTH, SENTIMENT_CHANGE",FEDFUNDS,UNRATE,23,-0.1464878571493246,-0.25440979918128936,0.037719887194071024,similar signs across defensible orderings indicate stronger IRF robustness; differences indicate identification sensitivity
A_policy_first,"FEDFUNDS, INF, UNRATE, INDPRO_GROWTH, SENTIMENT_CHANGE",FEDFUNDS,UNRATE,24,-0.14022500830679394,-0.2535115487579612,0.04514485637548673,similar signs across defensible orderings indicate stronger IRF robustness; differences indicate identification sensitivity
A_policy_first,"FEDFUNDS, INF, UNRATE, INDPRO_GROWTH, SENTIMENT_CHANGE",FEDFUNDS,INDPRO_GROWTH,0,0.1375666717472241,0.04346807308030179,0.23737512154844675,similar signs across defensible orderings indicate stronger IRF robustness; differences indicate identification sensitivity
A_policy_first,"FEDFUNDS, INF, UNRATE, INDPRO_GROWTH, SENTIMENT_CHANGE",FEDFUNDS,INDPRO_GROWTH,1,0.3710343502202437,0.2594157328822358,0.49101283298968723,similar signs across defensible orderings indicate stronger IRF robustness; differences indicate identification sensitivity
A_policy_first,"FEDFUNDS, INF, UNRATE, INDPRO_GROWTH, SENTIMENT_CHANGE",FEDFUNDS,INDPRO_GROWTH,2,-0.019987822194075664,-0.14286804574759487,0.10290691606979402,similar signs across defensible orderings indicate stronger IRF robustness; differences indicate identification sensitivity
A_policy_first,"FEDFUNDS, INF, UNRATE, INDPRO_GROWTH, SENTIMENT_CHANGE",FEDFUNDS,INDPRO_GROWTH,3,-0.07852306040960053,-0.20845668923505917,0.039165332522581496,similar signs across defensible orderings indicate stronger IRF robustness; differences indicate identification sensitivity
A_policy_first,"FEDFUNDS, INF, UNRATE, INDPRO_GROWTH, SENTIMENT_CHANGE",FEDFUNDS,INDPRO_GROWTH,4,0.022815632060183347,-0.07849850037629871,0.1278262829538074,similar signs across defensible orderings indicate stronger IRF robustness; differences indicate identification sensitivity
A_policy_first,"FEDFUNDS, INF, UNRATE, INDPRO_GROWTH, SENTIMENT_CHANGE",FEDFUNDS,INDPRO_GROWTH,5,0.04510888337860096,-0.05823206238301488,0.13420239886315838,similar signs across defensible orderings indicate stronger IRF robustness; differences indicate identification sensitivity
A_policy_first,"FEDFUNDS, INF, UNRATE, INDPRO_GROWTH, SENTIMENT_CHANGE",FEDFUNDS,INDPRO_GROWTH,6,0.05147262511810676,-0.029163550096046997,0.1125296439009233,similar signs across defensible orderings indicate stronger IRF robustness; differences indicate identification sensitivity
A_policy_first,"FEDFUNDS, INF, UNRATE, INDPRO_GROWTH, SENTIMENT_CHANGE",FEDFUNDS,INDPRO_GROWTH,7,0.0011774480188298884,-0.06429822732349162,0.056564796968256406,similar signs across defensible orderings indicate stronger IRF robustness; differences indicate identification sensitivity
A_policy_first,"FEDFUNDS, INF, UNRATE, INDPRO_GROWTH, SENTIMENT_CHANGE",FEDFUNDS,INDPRO_GROWTH,8,0.021226230517206582,-0.0388677303730912,0.05704072055612406,similar signs across defensible orderings indicate stronger IRF robustness; differences indicate identification sensitivity
A_policy_first,"FEDFUNDS, INF, UNRATE, INDPRO_GROWTH, SENTIMENT_CHANGE",FEDFUNDS,INDPRO_GROWTH,9,0.028174525262258512,-0.0263082406074096,0.0691056591963595,similar signs across defensible orderings indicate stronger IRF robustness; differences indicate identification sensitivity
A_policy_first,"FEDFUNDS, INF, UNRATE, INDPRO_GROWTH, SENTIMENT_CHANGE",FEDFUNDS,INDPRO_GROWTH,10,0.012310511500521416,-0.034176986351054116,0.04593574822828415,similar signs across defensible orderings indicate stronger IRF robustness; differences indicate identification sensitivity
A_policy_first,"FEDFUNDS, INF, UNRATE, INDPRO_GROWTH, SENTIMENT_CHANGE",FEDFUNDS,INDPRO_GROWTH,11,0.0075437391245919,-0.03579272095745622,0.03982020388219808,similar signs across defensible orderings indicate stronger IRF robustness; differences indicate identification sensitivity
A_policy_first,"FEDFUNDS, INF, UNRATE, INDPRO_GROWTH, SENTIMENT_CHANGE",FEDFUNDS,INDPRO_GROWTH,12,0.0066079840092156065,-0.03589257599221985,0.036194735564092397,similar signs across defensible orderings indicate stronger IRF robustness; differences indicate identification sensitivity
A_policy_first,"FEDFUNDS, INF, UNRATE, INDPRO_GROWTH, SENTIMENT_CHANGE",FEDFUNDS,INDPRO_GROWTH,13,0.00395580568514241,-0.03771696470776121,0.033611290471024916,similar signs across defensible orderings indicate stronger IRF robustness; differences indicate identification sensitivity
A_policy_first,"FEDFUNDS, INF, UNRATE, INDPRO_GROWTH, SENTIMENT_CHANGE",FEDFUNDS,INDPRO_GROWTH,14,0.0046720338930190805,-0.03605203030847805,0.0318952979805448,similar signs across defensible orderings indicate stronger IRF robustness; differences indicate identification sensitivity
A_policy_first,"FEDFUNDS, INF, UNRATE, INDPRO_GROWTH, SENTIMENT_CHANGE",FEDFUNDS,INDPRO_GROWTH,15,0.0044789271818731925,-0.033525150439309544,0.02971881432829193,similar signs across defensible orderings indicate stronger IRF robustness; differences indicate identification sensitivity
A_policy_first,"FEDFUNDS, INF, UNRATE, INDPRO_GROWTH, SENTIMENT_CHANGE",FEDFUNDS,INDPRO_GROWTH,16,0.0034909000129583483,-0.030800245106707626,0.02612485780428092,similar signs across defensible orderings indicate stronger IRF robustness; differences indicate identification sensitivity
A_policy_first,"FEDFUNDS, INF, UNRATE, INDPRO_GROWTH, SENTIMENT_CHANGE",FEDFUNDS,INDPRO_GROWTH,17,0.0036851586037519204,-0.0324780690970897,0.026926484005119784,similar signs across defensible orderings indicate stronger IRF robustness; differences indicate identification sensitivity
A_policy_first,"FEDFUNDS, INF, UNRATE, INDPRO_GROWTH, SENTIMENT_CHANGE",FEDFUNDS,INDPRO_GROWTH,18,0.0021584934068895993,-0.03366666351206199,0.024096959933248827,similar signs across defensible orderings indicate stronger IRF robustness; differences indicate identification sensitivity
A_policy_first,"FEDFUNDS, INF, UNRATE, INDPRO_GROWTH, SENTIMENT_CHANGE",FEDFUNDS,INDPRO_GROWTH,19,0.00010616006554335214,-0.03473665650460163,0.021532109067394094,similar signs across defensible orderings indicate stronger IRF robustness; differences indicate identification sensitivity
A_policy_first,"FEDFUNDS, INF, UNRATE, INDPRO_GROWTH, SENTIMENT_CHANGE",FEDFUNDS,INDPRO_GROWTH,20,-0.0007958382599106505,-0.034204142978523706,0.020717102427273516,similar signs across defensible orderings indicate stronger IRF robustness; differences indicate identification sensitivity
A_policy_first,"FEDFUNDS, INF, UNRATE, INDPRO_GROWTH, SENTIMENT_CHANGE",FEDFUNDS,INDPRO_GROWTH,21,-0.0009960577376192964,-0.032695692121680504,0.020375371312989853,similar signs across defensible orderings indicate stronger IRF robustness; differences indicate identification sensitivity
A_policy_first,"FEDFUNDS, INF, UNRATE, INDPRO_GROWTH, SENTIMENT_CHANGE",FEDFUNDS,INDPRO_GROWTH,22,-0.0010889581967527984,-0.031526560015614845,0.020986990904373597,similar signs across defensible orderings indicate stronger IRF robustness; differences indicate identification sensitivity
A_policy_first,"FEDFUNDS, INF, UNRATE, INDPRO_GROWTH, SENTIMENT_CHANGE",FEDFUNDS,INDPRO_GROWTH,23,-0.0012229410124360066,-0.030812381502447708,0.020665970101212825,similar signs across defensible orderings indicate stronger IRF robustness; differences indicate identification sensitivity
A_policy_first,"FEDFUNDS, INF, UNRATE, INDPRO_GROWTH, SENTIMENT_CHANGE",FEDFUNDS,INDPRO_GROWTH,24,-0.001423867633390911,-0.029682850590175114,0.01993014893768507,similar signs across defensible orderings indicate stronger IRF robustness; differences indicate identification sensitivity
A_policy_first,"FEDFUNDS, INF, UNRATE, INDPRO_GROWTH, SENTIMENT_CHANGE",FEDFUNDS,SENTIMENT_CHANGE,0,0.7944498838831279,0.3577148995910511,1.1949916043825717,similar signs across defensible orderings indicate stronger IRF robustness; differences indicate identification sensitivity
A_policy_first,"FEDFUNDS, INF, UNRATE, INDPRO_GROWTH, SENTIMENT_CHANGE",FEDFUNDS,SENTIMENT_CHANGE,1,0.010601205972299764,-0.36151385640250383,0.4029512480339627,similar signs across defensible orderings indicate stronger IRF robustness; differences indicate identification sensitivity
A_policy_first,"FEDFUNDS, INF, UNRATE, INDPRO_GROWTH, SENTIMENT_CHANGE",FEDFUNDS,SENTIMENT_CHANGE,2,0.07549016069266815,-0.3560478903944456,0.45371666943974426,similar signs across defensible orderings indicate stronger IRF robustness; differences indicate identification sensitivity
A_policy_first,"FEDFUNDS, INF, UNRATE, INDPRO_GROWTH, SENTIMENT_CHANGE",FEDFUNDS,SENTIMENT_CHANGE,3,-0.03351720860231946,-0.40772734214756506,0.38001814090927105,similar signs across defensible orderings indicate stronger IRF robustness; differences indicate identification sensitivity
A_policy_first,"FEDFUNDS, INF, UNRATE, INDPRO_GROWTH, SENTIMENT_CHANGE",FEDFUNDS,SENTIMENT_CHANGE,4,0.25044933989335494,-0.11975711409712118,0.6473477849238594,similar signs across defensible orderings indicate stronger IRF robustness; differences indicate identification sensitivity
A_policy_first,"FEDFUNDS, INF, UNRATE, INDPRO_GROWTH, SENTIMENT_CHANGE",FEDFUNDS,SENTIMENT_CHANGE,5,-0.07077607844161207,-0.34837892293965556,0.1950430412395846,similar signs across defensible orderings indicate stronger IRF robustness; differences indicate identification sensitivity
A_policy_first,"FEDFUNDS, INF, UNRATE, INDPRO_GROWTH, SENTIMENT_CHANGE",FEDFUNDS,SENTIMENT_CHANGE,6,-0.17195818608939573,-0.41447913564675876,0.04779119824308157,similar signs across defensible orderings indicate stronger IRF robustness; differences indicate identification sensitivity
A_policy_first,"FEDFUNDS, INF, UNRATE, INDPRO_GROWTH, SENTIMENT_CHANGE",FEDFUNDS,SENTIMENT_CHANGE,7,0.03129365386092899,-0.1531700416429026,0.2023061765896822,similar signs across defensible orderings indicate stronger IRF robustness; differences indicate identification sensitivity
A_policy_first,"FEDFUNDS, INF, UNRATE, INDPRO_GROWTH, SENTIMENT_CHANGE",FEDFUNDS,SENTIMENT_CHANGE,8,0.11571465054121734,-0.0813894073448534,0.2917360748186124,similar signs across defensible orderings indicate stronger IRF robustness; differences indicate identification sensitivity
A_policy_first,"FEDFUNDS, INF, UNRATE, INDPRO_GROWTH, SENTIMENT_CHANGE",FEDFUNDS,SENTIMENT_CHANGE,9,0.030890745419724593,-0.13947171947516995,0.1393370980909416,similar signs across defensible orderings indicate stronger IRF robustness; differences indicate identification sensitivity
A_policy_first,"FEDFUNDS, INF, UNRATE, INDPRO_GROWTH, SENTIMENT_CHANGE",FEDFUNDS,SENTIMENT_CHANGE,10,0.04872800765182652,-0.09249656749024915,0.146271852617484,similar signs across defensible orderings indicate stronger IRF robustness; differences indicate identification sensitivity
A_policy_first,"FEDFUNDS, INF, UNRATE, INDPRO_GROWTH, SENTIMENT_CHANGE",FEDFUNDS,SENTIMENT_CHANGE,11,0.03203679886974035,-0.09949280977765647,0.1284533612513599,similar signs across defensible orderings indicate stronger IRF robustness; differences indicate identification sensitivity
A_policy_first,"FEDFUNDS, INF, UNRATE, INDPRO_GROWTH, SENTIMENT_CHANGE",FEDFUNDS,SENTIMENT_CHANGE,12,-0.03834522274730758,-0.14058659678790936,0.03729712465153004,similar signs across defensible orderings indicate stronger IRF robustness; differences indicate identification sensitivity
A_policy_first,"FEDFUNDS, INF, UNRATE, INDPRO_GROWTH, SENTIMENT_CHANGE",FEDFUNDS,SENTIMENT_CHANGE,13,-0.048928817071797207,-0.13840661863252632,0.017862087072268475,similar signs across defensible orderings indicate stronger IRF robustness; differences indicate identification sensitivity
A_policy_first,"FEDFUNDS, INF, UNRATE, INDPRO_GROWTH, SENTIMENT_CHANGE",FEDFUNDS,SENTIMENT_CHANGE,14,-0.026036156885077447,-0.11400213237131991,0.047612320262172436,similar signs across defensible orderings indicate stronger IRF robustness; differences indicate identification sensitivity
A_policy_first,"FEDFUNDS, INF, UNRATE, INDPRO_GROWTH, SENTIMENT_CHANGE",FEDFUNDS,SENTIMENT_CHANGE,15,-0.024601189381308845,-0.11559453735952174,0.04991765902986812,similar signs across defensible orderings indicate stronger IRF robustness; differences indicate identification sensitivity
A_policy_first,"FEDFUNDS, INF, UNRATE, INDPRO_GROWTH, SENTIMENT_CHANGE",FEDFUNDS,SENTIMENT_CHANGE,16,-0.024714049278242237,-0.10102223163638256,0.03998132703195361,similar signs across defensible orderings indicate stronger IRF robustness; differences indicate identification sensitivity
A_policy_first,"FEDFUNDS, INF, UNRATE, INDPRO_GROWTH, SENTIMENT_CHANGE",FEDFUNDS,SENTIMENT_CHANGE,17,-0.02236908902061835,-0.09413857309678564,0.03319889942209539,similar signs across defensible orderings indicate stronger IRF robustness; differences indicate identification sensitivity
A_policy_first,"FEDFUNDS, INF, UNRATE, INDPRO_GROWTH, SENTIMENT_CHANGE",FEDFUNDS,SENTIMENT_CHANGE,18,-0.02915846152161305,-0.10023708705516339,0.025416272696720227,similar signs across defensible orderings indicate stronger IRF robustness; differences indicate identification sensitivity
A_policy_first,"FEDFUNDS, INF, UNRATE, INDPRO_GROWTH, SENTIMENT_CHANGE",FEDFUNDS,SENTIMENT_CHANGE,19,-0.03850377301622592,-0.10666876498443775,0.017488377323167034,similar signs across defensible orderings indicate stronger IRF robustness; differences indicate identification sensitivity
A_policy_first,"FEDFUNDS, INF, UNRATE, INDPRO_GROWTH, SENTIMENT_CHANGE",FEDFUNDS,SENTIMENT_CHANGE,20,-0.04210700514001829,-0.11199972315926779,0.01117045530493152,similar signs across defensible orderings indicate stronger IRF robustness; differences indicate identification sensitivity
A_policy_first,"FEDFUNDS, INF, UNRATE, INDPRO_GROWTH, SENTIMENT_CHANGE",FEDFUNDS,SENTIMENT_CHANGE,21,-0.04391389668432556,-0.11327439382103302,0.010550350477228819,similar signs across defensible orderings indicate stronger IRF robustness; differences indicate identification sensitivity
A_policy_first,"FEDFUNDS, INF, UNRATE, INDPRO_GROWTH, SENTIMENT_CHANGE",FEDFUNDS,SENTIMENT_CHANGE,22,-0.04432508342888186,-0.10671097854834895,0.008733269407462203,similar signs across defensible orderings indicate stronger IRF robustness; differences indicate identification sensitivity
A_policy_first,"FEDFUNDS, INF, UNRATE, INDPRO_GROWTH, SENTIMENT_CHANGE",FEDFUNDS,SENTIMENT_CHANGE,23,-0.04256058265670515,-0.10261037725888845,0.01167734916981995,similar signs across defensible orderings indicate stronger IRF robustness; differences indicate identification sensitivity
A_policy_first,"FEDFUNDS, INF, UNRATE, INDPRO_GROWTH, SENTIMENT_CHANGE",FEDFUNDS,SENTIMENT_CHANGE,24,-0.04144621716565825,-0.10161032704322587,0.012533474819907936,similar signs across defensible orderings indicate stronger IRF robustness; differences indicate identification sensitivity
B_slow_macro_first_policy_later,"INF, UNRATE, INDPRO_GROWTH, SENTIMENT_CHANGE, FEDFUNDS",FEDFUNDS,INF,0,0.0,0.0,0.0,similar signs across defensible orderings indicate stronger IRF robustness; differences indicate identification sensitivity
B_slow_macro_first_policy_later,"INF, UNRATE, INDPRO_GROWTH, SENTIMENT_CHANGE, FEDFUNDS",FEDFUNDS,INF,1,0.037772799765971525,0.010612249960294133,0.06624649126214627,similar signs across defensible orderings indicate stronger IRF robustness; differences indicate identification sensitivity
B_slow_macro_first_policy_later,"INF, UNRATE, INDPRO_GROWTH, SENTIMENT_CHANGE, FEDFUNDS",FEDFUNDS,INF,2,0.030342525139282928,-0.0035806341950373774,0.0629688789589803,similar signs across defensible orderings indicate stronger IRF robustness; differences indicate identification sensitivity
B_slow_macro_first_policy_later,"INF, UNRATE, INDPRO_GROWTH, SENTIMENT_CHANGE, FEDFUNDS",FEDFUNDS,INF,3,-0.007835940491641416,-0.037716020058801966,0.02431021832925933,similar signs across defensible orderings indicate stronger IRF robustness; differences indicate identification sensitivity
B_slow_macro_first_policy_later,"INF, UNRATE, INDPRO_GROWTH, SENTIMENT_CHANGE, FEDFUNDS",FEDFUNDS,INF,4,-0.008862703354567583,-0.03496085484524408,0.016874950826417243,similar signs across defensible orderings indicate stronger IRF robustness; differences indicate identification sensitivity
B_slow_macro_first_policy_later,"INF, UNRATE, INDPRO_GROWTH, SENTIMENT_CHANGE, FEDFUNDS",FEDFUNDS,INF,5,-0.0010394786542078972,-0.02494596002081142,0.02313666249629361,similar signs across defensible orderings indicate stronger IRF robustness; differences indicate identification sensitivity
B_slow_macro_first_policy_later,"INF, UNRATE, INDPRO_GROWTH, SENTIMENT_CHANGE, FEDFUNDS",FEDFUNDS,INF,6,-0.0036452026294683322,-0.02039799999032771,0.014116228380217886,similar signs across defensible orderings indicate stronger IRF robustness; differences indicate identification sensitivity
B_slow_macro_first_policy_later,"INF, UNRATE, INDPRO_GROWTH, SENTIMENT_CHANGE, FEDFUNDS",FEDFUNDS,INF,7,-0.0042250991144139145,-0.021847913902678387,0.010785673565102577,similar signs across defensible orderings indicate stronger IRF robustness; differences indicate identification sensitivity
B_slow_macro_first_policy_later,"INF, UNRATE, INDPRO_GROWTH, SENTIMENT_CHANGE, FEDFUNDS",FEDFUNDS,INF,8,-0.0008317005198487386,-0.018585304080527876,0.0135382223004883,similar signs across defensible orderings indicate stronger IRF robustness; differences indicate identification sensitivity
B_slow_macro_first_policy_later,"INF, UNRATE, INDPRO_GROWTH, SENTIMENT_CHANGE, FEDFUNDS",FEDFUNDS,INF,9,-0.00038009607440955476,-0.01607343750064349,0.012123947132086506,similar signs across defensible orderings indicate stronger IRF robustness; differences indicate identification sensitivity
B_slow_macro_first_policy_later,"INF, UNRATE, INDPRO_GROWTH, SENTIMENT_CHANGE, FEDFUNDS",FEDFUNDS,INF,10,-0.0005700031579648884,-0.012642958769271918,0.011784710618690217,similar signs across defensible orderings indicate stronger IRF robustness; differences indicate identification sensitivity
B_slow_macro_first_policy_later,"INF, UNRATE, INDPRO_GROWTH, SENTIMENT_CHANGE, FEDFUNDS",FEDFUNDS,INF,11,7.312568129379642e-05,-0.012840143697417549,0.010874592124576398,similar signs across defensible orderings indicate stronger IRF robustness; differences indicate identification sensitivity
B_slow_macro_first_policy_later,"INF, UNRATE, INDPRO_GROWTH, SENTIMENT_CHANGE, FEDFUNDS",FEDFUNDS,INF,12,-0.0001460011298332313,-0.012737214235032789,0.010035440873304902,similar signs across defensible orderings indicate stronger IRF robustness; differences indicate identification sensitivity
B_slow_macro_first_policy_later,"INF, UNRATE, INDPRO_GROWTH, SENTIMENT_CHANGE, FEDFUNDS",FEDFUNDS,INF,13,-0.0007636904652221566,-0.013734067787336551,0.007975219398131199,similar signs across defensible orderings indicate stronger IRF robustness; differences indicate identification sensitivity
B_slow_macro_first_policy_later,"INF, UNRATE, INDPRO_GROWTH, SENTIMENT_CHANGE, FEDFUNDS",FEDFUNDS,INF,14,-0.0010111104131849972,-0.012966523297997412,0.007265386289454158,similar signs across defensible orderings indicate stronger IRF robustness; differences indicate identification sensitivity
B_slow_macro_first_policy_later,"INF, UNRATE, INDPRO_GROWTH, SENTIMENT_CHANGE, FEDFUNDS",FEDFUNDS,INF,15,-0.0004397898137240665,-0.011629204373763774,0.007921383990145218,similar signs across defensible orderings indicate stronger IRF robustness; differences indicate identification sensitivity
B_slow_macro_first_policy_later,"INF, UNRATE, INDPRO_GROWTH, SENTIMENT_CHANGE, FEDFUNDS",FEDFUNDS,INF,16,0.00035441151448334216,-0.01073014914198567,0.008756141619883149,similar signs across defensible orderings indicate stronger IRF robustness; differences indicate identification sensitivity
B_slow_macro_first_policy_later,"INF, UNRATE, INDPRO_GROWTH, SENTIMENT_CHANGE, FEDFUNDS",FEDFUNDS,INF,17,0.0006598704591513887,-0.009914152497219204,0.008772673919913552,similar signs across defensible orderings indicate stronger IRF robustness; differences indicate identification sensitivity
B_slow_macro_first_policy_later,"INF, UNRATE, INDPRO_GROWTH, SENTIMENT_CHANGE, FEDFUNDS",FEDFUNDS,INF,18,0.000580744893479101,-0.009743472019006575,0.008988525105800893,similar signs across defensible orderings indicate stronger IRF robustness; differences indicate identification sensitivity
B_slow_macro_first_policy_later,"INF, UNRATE, INDPRO_GROWTH, SENTIMENT_CHANGE, FEDFUNDS",FEDFUNDS,INF,19,0.0005184449109361336,-0.00968037875977004,0.008535345721681712,similar signs across defensible orderings indicate stronger IRF robustness; differences indicate identification sensitivity
B_slow_macro_first_policy_later,"INF, UNRATE, INDPRO_GROWTH, SENTIMENT_CHANGE, FEDFUNDS",FEDFUNDS,INF,20,0.0005160665161355031,-0.009621092119470242,0.008524015124566922,similar signs across defensible orderings indicate stronger IRF robustness; differences indicate identification sensitivity
B_slow_macro_first_policy_later,"INF, UNRATE, INDPRO_GROWTH, SENTIMENT_CHANGE, FEDFUNDS",FEDFUNDS,INF,21,0.0004973442740102783,-0.009427972263637584,0.008332763796806805,similar signs across defensible orderings indicate stronger IRF robustness; differences indicate identification sensitivity
B_slow_macro_first_policy_later,"INF, UNRATE, INDPRO_GROWTH, SENTIMENT_CHANGE, FEDFUNDS",FEDFUNDS,INF,22,0.0005104477045136746,-0.009140162736317231,0.008207642219298622,similar signs across defensible orderings indicate stronger IRF robustness; differences indicate identification sensitivity
B_slow_macro_first_policy_later,"INF, UNRATE, INDPRO_GROWTH, SENTIMENT_CHANGE, FEDFUNDS",FEDFUNDS,INF,23,0.0005909073662208765,-0.008734975741037857,0.008407729358813187,similar signs across defensible orderings indicate stronger IRF robustness; differences indicate identification sensitivity
B_slow_macro_first_policy_later,"INF, UNRATE, INDPRO_GROWTH, SENTIMENT_CHANGE, FEDFUNDS",FEDFUNDS,INF,24,0.0006767566266179283,-0.008660416352353872,0.008590160935276146,similar signs across defensible orderings indicate stronger IRF robustness; differences indicate identification sensitivity
B_slow_macro_first_policy_later,"INF, UNRATE, INDPRO_GROWTH, SENTIMENT_CHANGE, FEDFUNDS",FEDFUNDS,UNRATE,0,0.0,0.0,0.0,similar signs across defensible orderings indicate stronger IRF robustness; differences indicate identification sensitivity
B_slow_macro_first_policy_later,"INF, UNRATE, INDPRO_GROWTH, SENTIMENT_CHANGE, FEDFUNDS",FEDFUNDS,UNRATE,1,-0.20921718405528572,-0.26332142658490154,-0.1501300559249578,similar signs across defensible orderings indicate stronger IRF robustness; differences indicate identification sensitivity
B_slow_macro_first_policy_later,"INF, UNRATE, INDPRO_GROWTH, SENTIMENT_CHANGE, FEDFUNDS",FEDFUNDS,UNRATE,2,-0.16646988879037125,-0.2609191034472519,-0.07393804229363785,similar signs across defensible orderings indicate stronger IRF robustness; differences indicate identification sensitivity
B_slow_macro_first_policy_later,"INF, UNRATE, INDPRO_GROWTH, SENTIMENT_CHANGE, FEDFUNDS",FEDFUNDS,UNRATE,3,-0.1378783888316621,-0.23292109246882842,-0.027539461721993445,similar signs across defensible orderings indicate stronger IRF robustness; differences indicate identification sensitivity
B_slow_macro_first_policy_later,"INF, UNRATE, INDPRO_GROWTH, SENTIMENT_CHANGE, FEDFUNDS",FEDFUNDS,UNRATE,4,-0.15347042239696146,-0.2611566123353021,-0.04517124893754777,similar signs across defensible orderings indicate stronger IRF robustness; differences indicate identification sensitivity
B_slow_macro_first_policy_later,"INF, UNRATE, INDPRO_GROWTH, SENTIMENT_CHANGE, FEDFUNDS",FEDFUNDS,UNRATE,5,-0.15238155510379273,-0.2563070219509964,-0.038526674123004284,similar signs across defensible orderings indicate stronger IRF robustness; differences indicate identification sensitivity
B_slow_macro_first_policy_later,"INF, UNRATE, INDPRO_GROWTH, SENTIMENT_CHANGE, FEDFUNDS",FEDFUNDS,UNRATE,6,-0.14855800405268388,-0.2558178487763729,-0.03651894835469572,similar signs across defensible orderings indicate stronger IRF robustness; differences indicate identification sensitivity
B_slow_macro_first_policy_later,"INF, UNRATE, INDPRO_GROWTH, SENTIMENT_CHANGE, FEDFUNDS",FEDFUNDS,UNRATE,7,-0.14791748141852487,-0.2510579592379298,-0.022662360201642213,similar signs across defensible orderings indicate stronger IRF robustness; differences indicate identification sensitivity
B_slow_macro_first_policy_later,"INF, UNRATE, INDPRO_GROWTH, SENTIMENT_CHANGE, FEDFUNDS",FEDFUNDS,UNRATE,8,-0.14824188956983092,-0.25477162791507274,-0.01565219360695063,similar signs across defensible orderings indicate stronger IRF robustness; differences indicate identification sensitivity
B_slow_macro_first_policy_later,"INF, UNRATE, INDPRO_GROWTH, SENTIMENT_CHANGE, FEDFUNDS",FEDFUNDS,UNRATE,9,-0.1532495422484134,-0.2642659916828086,-0.014234650687951819,similar signs across defensible orderings indicate stronger IRF robustness; differences indicate identification sensitivity
B_slow_macro_first_policy_later,"INF, UNRATE, INDPRO_GROWTH, SENTIMENT_CHANGE, FEDFUNDS",FEDFUNDS,UNRATE,10,-0.15478605556535208,-0.2672353402103914,-0.010167550112721893,similar signs across defensible orderings indicate stronger IRF robustness; differences indicate identification sensitivity
B_slow_macro_first_policy_later,"INF, UNRATE, INDPRO_GROWTH, SENTIMENT_CHANGE, FEDFUNDS",FEDFUNDS,UNRATE,11,-0.15415452276054936,-0.26685741123927753,-0.0028838251012623067,similar signs across defensible orderings indicate stronger IRF robustness; differences indicate identification sensitivity
B_slow_macro_first_policy_later,"INF, UNRATE, INDPRO_GROWTH, SENTIMENT_CHANGE, FEDFUNDS",FEDFUNDS,UNRATE,12,-0.15304933366921844,-0.26511283064568003,-0.001454930092456784,similar signs across defensible orderings indicate stronger IRF robustness; differences indicate identification sensitivity
B_slow_macro_first_policy_later,"INF, UNRATE, INDPRO_GROWTH, SENTIMENT_CHANGE, FEDFUNDS",FEDFUNDS,UNRATE,13,-0.14839207557977746,-0.26500564854034603,0.006202183333852153,similar signs across defensible orderings indicate stronger IRF robustness; differences indicate identification sensitivity
B_slow_macro_first_policy_later,"INF, UNRATE, INDPRO_GROWTH, SENTIMENT_CHANGE, FEDFUNDS",FEDFUNDS,UNRATE,14,-0.14335215411347418,-0.2575164574487022,0.009581371350956247,similar signs across defensible orderings indicate stronger IRF robustness; differences indicate identification sensitivity
B_slow_macro_first_policy_later,"INF, UNRATE, INDPRO_GROWTH, SENTIMENT_CHANGE, FEDFUNDS",FEDFUNDS,UNRATE,15,-0.13889865021493444,-0.2531864817759846,0.015032023060997716,similar signs across defensible orderings indicate stronger IRF robustness; differences indicate identification sensitivity
B_slow_macro_first_policy_later,"INF, UNRATE, INDPRO_GROWTH, SENTIMENT_CHANGE, FEDFUNDS",FEDFUNDS,UNRATE,16,-0.1347643496698692,-0.24871748349237013,0.020861531348736754,similar signs across defensible orderings indicate stronger IRF robustness; differences indicate identification sensitivity
B_slow_macro_first_policy_later,"INF, UNRATE, INDPRO_GROWTH, SENTIMENT_CHANGE, FEDFUNDS",FEDFUNDS,UNRATE,17,-0.13149572953474548,-0.24514756416919523,0.028720958812779796,similar signs across defensible orderings indicate stronger IRF robustness; differences indicate identification sensitivity
B_slow_macro_first_policy_later,"INF, UNRATE, INDPRO_GROWTH, SENTIMENT_CHANGE, FEDFUNDS",FEDFUNDS,UNRATE,18,-0.1280949539585549,-0.24311851577511664,0.036827668368866535,similar signs across defensible orderings indicate stronger IRF robustness; differences indicate identification sensitivity
B_slow_macro_first_policy_later,"INF, UNRATE, INDPRO_GROWTH, SENTIMENT_CHANGE, FEDFUNDS",FEDFUNDS,UNRATE,19,-0.12381261948033229,-0.24137949342383352,0.04036369725525533,similar signs across defensible orderings indicate stronger IRF robustness; differences indicate identification sensitivity
B_slow_macro_first_policy_later,"INF, UNRATE, INDPRO_GROWTH, SENTIMENT_CHANGE, FEDFUNDS",FEDFUNDS,UNRATE,20,-0.11906602040073694,-0.23757052439486467,0.042166212507264676,similar signs across defensible orderings indicate stronger IRF robustness; differences indicate identification sensitivity
B_slow_macro_first_policy_later,"INF, UNRATE, INDPRO_GROWTH, SENTIMENT_CHANGE, FEDFUNDS",FEDFUNDS,UNRATE,21,-0.11414396598882462,-0.23043136808762393,0.048551141623928575,similar signs across defensible orderings indicate stronger IRF robustness; differences indicate identification sensitivity
B_slow_macro_first_policy_later,"INF, UNRATE, INDPRO_GROWTH, SENTIMENT_CHANGE, FEDFUNDS",FEDFUNDS,UNRATE,22,-0.10917947953282756,-0.22555294324889175,0.0567485064754997,similar signs across defensible orderings indicate stronger IRF robustness; differences indicate identification sensitivity
B_slow_macro_first_policy_later,"INF, UNRATE, INDPRO_GROWTH, SENTIMENT_CHANGE, FEDFUNDS",FEDFUNDS,UNRATE,23,-0.1043662625428113,-0.22174809102932783,0.060922639128868465,similar signs across defensible orderings indicate stronger IRF robustness; differences indicate identification sensitivity
B_slow_macro_first_policy_later,"INF, UNRATE, INDPRO_GROWTH, SENTIMENT_CHANGE, FEDFUNDS",FEDFUNDS,UNRATE,24,-0.09973778637885389,-0.21830157516035398,0.06879239423879267,similar signs across defensible orderings indicate stronger IRF robustness; differences indicate identification sensitivity
B_slow_macro_first_policy_later,"INF, UNRATE, INDPRO_GROWTH, SENTIMENT_CHANGE, FEDFUNDS",FEDFUNDS,INDPRO_GROWTH,0,0.0,0.0,0.0,similar signs across defensible orderings indicate stronger IRF robustness; differences indicate identification sensitivity
B_slow_macro_first_policy_later,"INF, UNRATE, INDPRO_GROWTH, SENTIMENT_CHANGE, FEDFUNDS",FEDFUNDS,INDPRO_GROWTH,1,0.26309251112444293,0.15769076858258524,0.373242764242799,similar signs across defensible orderings indicate stronger IRF robustness; differences indicate identification sensitivity
B_slow_macro_first_policy_later,"INF, UNRATE, INDPRO_GROWTH, SENTIMENT_CHANGE, FEDFUNDS",FEDFUNDS,INDPRO_GROWTH,2,-0.016705675152440452,-0.13753960551709532,0.09432655808096738,similar signs across defensible orderings indicate stronger IRF robustness; differences indicate identification sensitivity
B_slow_macro_first_policy_later,"INF, UNRATE, INDPRO_GROWTH, SENTIMENT_CHANGE, FEDFUNDS",FEDFUNDS,INDPRO_GROWTH,3,-0.0758048902940664,-0.20190716352914612,0.035856426011371664,similar signs across defensible orderings indicate stronger IRF robustness; differences indicate identification sensitivity
B_slow_macro_first_policy_later,"INF, UNRATE, INDPRO_GROWTH, SENTIMENT_CHANGE, FEDFUNDS",FEDFUNDS,INDPRO_GROWTH,4,0.0024212761309646232,-0.09067150262627809,0.10755009481600769,similar signs across defensible orderings indicate stronger IRF robustness; differences indicate identification sensitivity
B_slow_macro_first_policy_later,"INF, UNRATE, INDPRO_GROWTH, SENTIMENT_CHANGE, FEDFUNDS",FEDFUNDS,INDPRO_GROWTH,5,0.05496175265861753,-0.027231452206692246,0.13563683452737735,similar signs across defensible orderings indicate stronger IRF robustness; differences indicate identification sensitivity
B_slow_macro_first_policy_later,"INF, UNRATE, INDPRO_GROWTH, SENTIMENT_CHANGE, FEDFUNDS",FEDFUNDS,INDPRO_GROWTH,6,0.04709491103930115,-0.0111210808758812,0.09412899626852447,similar signs across defensible orderings indicate stronger IRF robustness; differences indicate identification sensitivity
B_slow_macro_first_policy_later,"INF, UNRATE, INDPRO_GROWTH, SENTIMENT_CHANGE, FEDFUNDS",FEDFUNDS,INDPRO_GROWTH,7,-0.011668970244097058,-0.07586086166838377,0.040389058674745903,similar signs across defensible orderings indicate stronger IRF robustness; differences indicate identification sensitivity
B_slow_macro_first_policy_later,"INF, UNRATE, INDPRO_GROWTH, SENTIMENT_CHANGE, FEDFUNDS",FEDFUNDS,INDPRO_GROWTH,8,0.015245243635625905,-0.038870895949374124,0.05418463468188022,similar signs across defensible orderings indicate stronger IRF robustness; differences indicate identification sensitivity
B_slow_macro_first_policy_later,"INF, UNRATE, INDPRO_GROWTH, SENTIMENT_CHANGE, FEDFUNDS",FEDFUNDS,INDPRO_GROWTH,9,0.0324490559317772,-0.02060742722385861,0.07440636050395967,similar signs across defensible orderings indicate stronger IRF robustness; differences indicate identification sensitivity
B_slow_macro_first_policy_later,"INF, UNRATE, INDPRO_GROWTH, SENTIMENT_CHANGE, FEDFUNDS",FEDFUNDS,INDPRO_GROWTH,10,0.019066324514132395,-0.031008319959728022,0.05605923005097723,similar signs across defensible orderings indicate stronger IRF robustness; differences indicate identification sensitivity
B_slow_macro_first_policy_later,"INF, UNRATE, INDPRO_GROWTH, SENTIMENT_CHANGE, FEDFUNDS",FEDFUNDS,INDPRO_GROWTH,11,0.013989515704568915,-0.029125573000433894,0.04415401656284564,similar signs across defensible orderings indicate stronger IRF robustness; differences indicate identification sensitivity
B_slow_macro_first_policy_later,"INF, UNRATE, INDPRO_GROWTH, SENTIMENT_CHANGE, FEDFUNDS",FEDFUNDS,INDPRO_GROWTH,12,0.01309649425604185,-0.026458043470297826,0.040372077494147174,similar signs across defensible orderings indicate stronger IRF robustness; differences indicate identification sensitivity
B_slow_macro_first_policy_later,"INF, UNRATE, INDPRO_GROWTH, SENTIMENT_CHANGE, FEDFUNDS",FEDFUNDS,INDPRO_GROWTH,13,0.008813773118755712,-0.030542126283072037,0.03442798492952586,similar signs across defensible orderings indicate stronger IRF robustness; differences indicate identification sensitivity
B_slow_macro_first_policy_later,"INF, UNRATE, INDPRO_GROWTH, SENTIMENT_CHANGE, FEDFUNDS",FEDFUNDS,INDPRO_GROWTH,14,0.008236027970754923,-0.031243031469160496,0.03314170188660591,similar signs across defensible orderings indicate stronger IRF robustness; differences indicate identification sensitivity
B_slow_macro_first_policy_later,"INF, UNRATE, INDPRO_GROWTH, SENTIMENT_CHANGE, FEDFUNDS",FEDFUNDS,INDPRO_GROWTH,15,0.007769067266040822,-0.031029084424069917,0.030488434852553977,similar signs across defensible orderings indicate stronger IRF robustness; differences indicate identification sensitivity
B_slow_macro_first_policy_later,"INF, UNRATE, INDPRO_GROWTH, SENTIMENT_CHANGE, FEDFUNDS",FEDFUNDS,INDPRO_GROWTH,16,0.006782901991417375,-0.032064340568417574,0.028970092030465085,similar signs across defensible orderings indicate stronger IRF robustness; differences indicate identification sensitivity
B_slow_macro_first_policy_later,"INF, UNRATE, INDPRO_GROWTH, SENTIMENT_CHANGE, FEDFUNDS",FEDFUNDS,INDPRO_GROWTH,17,0.0074536354611156,-0.029186811718597837,0.028947033895678317,similar signs across defensible orderings indicate stronger IRF robustness; differences indicate identification sensitivity
B_slow_macro_first_policy_later,"INF, UNRATE, INDPRO_GROWTH, SENTIMENT_CHANGE, FEDFUNDS",FEDFUNDS,INDPRO_GROWTH,18,0.006742915040380915,-0.027281019799892423,0.02882924671671314,similar signs across defensible orderings indicate stronger IRF robustness; differences indicate identification sensitivity
B_slow_macro_first_policy_later,"INF, UNRATE, INDPRO_GROWTH, SENTIMENT_CHANGE, FEDFUNDS",FEDFUNDS,INDPRO_GROWTH,19,0.0046440240280997145,-0.028854203084650847,0.026476733657157882,similar signs across defensible orderings indicate stronger IRF robustness; differences indicate identification sensitivity
B_slow_macro_first_policy_later,"INF, UNRATE, INDPRO_GROWTH, SENTIMENT_CHANGE, FEDFUNDS",FEDFUNDS,INDPRO_GROWTH,20,0.0031626691510001992,-0.027772785639036096,0.023815305217830526,similar signs across defensible orderings indicate stronger IRF robustness; differences indicate identification sensitivity
B_slow_macro_first_policy_later,"INF, UNRATE, INDPRO_GROWTH, SENTIMENT_CHANGE, FEDFUNDS",FEDFUNDS,INDPRO_GROWTH,21,0.0025800185057016384,-0.024850246593506157,0.021551810273785596,similar signs across defensible orderings indicate stronger IRF robustness; differences indicate identification sensitivity
B_slow_macro_first_policy_later,"INF, UNRATE, INDPRO_GROWTH, SENTIMENT_CHANGE, FEDFUNDS",FEDFUNDS,INDPRO_GROWTH,22,0.002192575569769651,-0.024553768067241476,0.02016461548712549,similar signs across defensible orderings indicate stronger IRF robustness; differences indicate identification sensitivity
B_slow_macro_first_policy_later,"INF, UNRATE, INDPRO_GROWTH, SENTIMENT_CHANGE, FEDFUNDS",FEDFUNDS,INDPRO_GROWTH,23,0.0018215499728687578,-0.023426236740378848,0.019787435648490188,similar signs across defensible orderings indicate stronger IRF robustness; differences indicate identification sensitivity
B_slow_macro_first_policy_later,"INF, UNRATE, INDPRO_GROWTH, SENTIMENT_CHANGE, FEDFUNDS",FEDFUNDS,INDPRO_GROWTH,24,0.0015536018849427546,-0.02157038158681531,0.020162845633732388,similar signs across defensible orderings indicate stronger IRF robustness; differences indicate identification sensitivity
B_slow_macro_first_policy_later,"INF, UNRATE, INDPRO_GROWTH, SENTIMENT_CHANGE, FEDFUNDS",FEDFUNDS,SENTIMENT_CHANGE,0,0.0,0.0,0.0,similar signs across defensible orderings indicate stronger IRF robustness; differences indicate identification sensitivity
B_slow_macro_first_policy_later,"INF, UNRATE, INDPRO_GROWTH, SENTIMENT_CHANGE, FEDFUNDS",FEDFUNDS,SENTIMENT_CHANGE,1,0.17813355754260923,-0.19637356213566937,0.5833165808674128,similar signs across defensible orderings indicate stronger IRF robustness; differences indicate identification sensitivity
B_slow_macro_first_policy_later,"INF, UNRATE, INDPRO_GROWTH, SENTIMENT_CHANGE, FEDFUNDS",FEDFUNDS,SENTIMENT_CHANGE,2,0.22771544277141076,-0.1843579966888882,0.6484805275964615,similar signs across defensible orderings indicate stronger IRF robustness; differences indicate identification sensitivity
B_slow_macro_first_policy_later,"INF, UNRATE, INDPRO_GROWTH, SENTIMENT_CHANGE, FEDFUNDS",FEDFUNDS,SENTIMENT_CHANGE,3,0.06749410559314346,-0.3052516341781907,0.47729513270300444,similar signs across defensible orderings indicate stronger IRF robustness; differences indicate identification sensitivity
B_slow_macro_first_policy_later,"INF, UNRATE, INDPRO_GROWTH, SENTIMENT_CHANGE, FEDFUNDS",FEDFUNDS,SENTIMENT_CHANGE,4,0.29890554506171113,-0.08937678708348938,0.640010328642422,similar signs across defensible orderings indicate stronger IRF robustness; differences indicate identification sensitivity
B_slow_macro_first_policy_later,"INF, UNRATE, INDPRO_GROWTH, SENTIMENT_CHANGE, FEDFUNDS",FEDFUNDS,SENTIMENT_CHANGE,5,0.11443241518075349,-0.1192964584881798,0.34646075852197655,similar signs across defensible orderings indicate stronger IRF robustness; differences indicate identification sensitivity
B_slow_macro_first_policy_later,"INF, UNRATE, INDPRO_GROWTH, SENTIMENT_CHANGE, FEDFUNDS",FEDFUNDS,SENTIMENT_CHANGE,6,-0.19716197683995312,-0.4229700639507755,-0.004843926291368472,similar signs across defensible orderings indicate stronger IRF robustness; differences indicate identification sensitivity
B_slow_macro_first_policy_later,"INF, UNRATE, INDPRO_GROWTH, SENTIMENT_CHANGE, FEDFUNDS",FEDFUNDS,SENTIMENT_CHANGE,7,-0.03382358270562392,-0.22483341724971187,0.1351813469835392,similar signs across defensible orderings indicate stronger IRF robustness; differences indicate identification sensitivity
B_slow_macro_first_policy_later,"INF, UNRATE, INDPRO_GROWTH, SENTIMENT_CHANGE, FEDFUNDS",FEDFUNDS,SENTIMENT_CHANGE,8,0.09443499705657006,-0.07512337472839149,0.2572840632844331,similar signs across defensible orderings indicate stronger IRF robustness; differences indicate identification sensitivity
B_slow_macro_first_policy_later,"INF, UNRATE, INDPRO_GROWTH, SENTIMENT_CHANGE, FEDFUNDS",FEDFUNDS,SENTIMENT_CHANGE,9,0.02426510888506111,-0.13093112118762412,0.1448957993379092,similar signs across defensible orderings indicate stronger IRF robustness; differences indicate identification sensitivity
B_slow_macro_first_policy_later,"INF, UNRATE, INDPRO_GROWTH, SENTIMENT_CHANGE, FEDFUNDS",FEDFUNDS,SENTIMENT_CHANGE,10,0.04010938697812124,-0.08820735732968558,0.15206739660586027,similar signs across defensible orderings indicate stronger IRF robustness; differences indicate identification sensitivity
B_slow_macro_first_policy_later,"INF, UNRATE, INDPRO_GROWTH, SENTIMENT_CHANGE, FEDFUNDS",FEDFUNDS,SENTIMENT_CHANGE,11,0.07000978686313118,-0.026697096763707705,0.14949469710986701,similar signs across defensible orderings indicate stronger IRF robustness; differences indicate identification sensitivity
B_slow_macro_first_policy_later,"INF, UNRATE, INDPRO_GROWTH, SENTIMENT_CHANGE, FEDFUNDS",FEDFUNDS,SENTIMENT_CHANGE,12,-0.0036179473556391625,-0.08400868702827248,0.06522770791214162,similar signs across defensible orderings indicate stronger IRF robustness; differences indicate identification sensitivity
B_slow_macro_first_policy_later,"INF, UNRATE, INDPRO_GROWTH, SENTIMENT_CHANGE, FEDFUNDS",FEDFUNDS,SENTIMENT_CHANGE,13,-0.038938282030028463,-0.13148169995219605,0.03472893668335854,similar signs across defensible orderings indicate stronger IRF robustness; differences indicate identification sensitivity
B_slow_macro_first_policy_later,"INF, UNRATE, INDPRO_GROWTH, SENTIMENT_CHANGE, FEDFUNDS",FEDFUNDS,SENTIMENT_CHANGE,14,-0.022583876471942835,-0.10457836749800863,0.03672768517690786,similar signs across defensible orderings indicate stronger IRF robustness; differences indicate identification sensitivity
B_slow_macro_first_policy_later,"INF, UNRATE, INDPRO_GROWTH, SENTIMENT_CHANGE, FEDFUNDS",FEDFUNDS,SENTIMENT_CHANGE,15,-0.021269017243634784,-0.09883820093075846,0.033929891331911696,similar signs across defensible orderings indicate stronger IRF robustness; differences indicate identification sensitivity
B_slow_macro_first_policy_later,"INF, UNRATE, INDPRO_GROWTH, SENTIMENT_CHANGE, FEDFUNDS",FEDFUNDS,SENTIMENT_CHANGE,16,-0.026508030377649896,-0.09465354573492162,0.031395318276412794,similar signs across defensible orderings indicate stronger IRF robustness; differences indicate identification sensitivity
B_slow_macro_first_policy_later,"INF, UNRATE, INDPRO_GROWTH, SENTIMENT_CHANGE, FEDFUNDS",FEDFUNDS,SENTIMENT_CHANGE,17,-0.018551796226146774,-0.07965077022418804,0.03353618275967829,similar signs across defensible orderings indicate stronger IRF robustness; differences indicate identification sensitivity
B_slow_macro_first_policy_later,"INF, UNRATE, INDPRO_GROWTH, SENTIMENT_CHANGE, FEDFUNDS",FEDFUNDS,SENTIMENT_CHANGE,18,-0.01869346383014116,-0.07396428742383777,0.029667481635899245,similar signs across defensible orderings indicate stronger IRF robustness; differences indicate identification sensitivity
B_slow_macro_first_policy_later,"INF, UNRATE, INDPRO_GROWTH, SENTIMENT_CHANGE, FEDFUNDS",FEDFUNDS,SENTIMENT_CHANGE,19,-0.02732386819075419,-0.08207620260085029,0.021294167909103136,similar signs across defensible orderings indicate stronger IRF robustness; differences indicate identification sensitivity
B_slow_macro_first_policy_later,"INF, UNRATE, INDPRO_GROWTH, SENTIMENT_CHANGE, FEDFUNDS",FEDFUNDS,SENTIMENT_CHANGE,20,-0.03182874772029737,-0.09127614831775831,0.016860370725394962,similar signs across defensible orderings indicate stronger IRF robustness; differences indicate identification sensitivity
B_slow_macro_first_policy_later,"INF, UNRATE, INDPRO_GROWTH, SENTIMENT_CHANGE, FEDFUNDS",FEDFUNDS,SENTIMENT_CHANGE,21,-0.034309379680896535,-0.09623451591027929,0.010218037648037182,similar signs across defensible orderings indicate stronger IRF robustness; differences indicate identification sensitivity
B_slow_macro_first_policy_later,"INF, UNRATE, INDPRO_GROWTH, SENTIMENT_CHANGE, FEDFUNDS",FEDFUNDS,SENTIMENT_CHANGE,22,-0.03688218992518381,-0.09499770023834488,0.00714854768222474,similar signs across defensible orderings indicate stronger IRF robustness; differences indicate identification sensitivity
B_slow_macro_first_policy_later,"INF, UNRATE, INDPRO_GROWTH, SENTIMENT_CHANGE, FEDFUNDS",FEDFUNDS,SENTIMENT_CHANGE,23,-0.03615855120496723,-0.09198231078356901,0.008540798243088404,similar signs across defensible orderings indicate stronger IRF robustness; differences indicate identification sensitivity
B_slow_macro_first_policy_later,"INF, UNRATE, INDPRO_GROWTH, SENTIMENT_CHANGE, FEDFUNDS",FEDFUNDS,SENTIMENT_CHANGE,24,-0.03442472123843693,-0.09072196772056908,0.010607556791877,similar signs across defensible orderings indicate stronger IRF robustness; differences indicate identification sensitivity
C_granger_policy_reaction,"INF, INDPRO_GROWTH, UNRATE, FEDFUNDS, SENTIMENT_CHANGE",FEDFUNDS,INF,0,0.0,0.0,0.0,similar signs across defensible orderings indicate stronger IRF robustness; differences indicate identification sensitivity
C_granger_policy_reaction,"INF, INDPRO_GROWTH, UNRATE, FEDFUNDS, SENTIMENT_CHANGE",FEDFUNDS,INF,1,0.03928101716246427,0.011972052502441002,0.06572499098530132,similar signs across defensible orderings indicate stronger IRF robustness; differences indicate identification sensitivity
C_granger_policy_reaction,"INF, INDPRO_GROWTH, UNRATE, FEDFUNDS, SENTIMENT_CHANGE",FEDFUNDS,INF,2,0.02983088961017403,-0.0015388377632851507,0.06397730660296311,similar signs across defensible orderings indicate stronger IRF robustness; differences indicate identification sensitivity
C_granger_policy_reaction,"INF, INDPRO_GROWTH, UNRATE, FEDFUNDS, SENTIMENT_CHANGE",FEDFUNDS,INF,3,-0.014465699704011615,-0.04638867631225665,0.017084354289918287,similar signs across defensible orderings indicate stronger IRF robustness; differences indicate identification sensitivity
C_granger_policy_reaction,"INF, INDPRO_GROWTH, UNRATE, FEDFUNDS, SENTIMENT_CHANGE",FEDFUNDS,INF,4,-0.014742747575526642,-0.04189929874199884,0.0111223923337451,similar signs across defensible orderings indicate stronger IRF robustness; differences indicate identification sensitivity
C_granger_policy_reaction,"INF, INDPRO_GROWTH, UNRATE, FEDFUNDS, SENTIMENT_CHANGE",FEDFUNDS,INF,5,-0.001458380832371233,-0.029000061383587104,0.02191113205599334,similar signs across defensible orderings indicate stronger IRF robustness; differences indicate identification sensitivity
C_granger_policy_reaction,"INF, INDPRO_GROWTH, UNRATE, FEDFUNDS, SENTIMENT_CHANGE",FEDFUNDS,INF,6,-0.0007821313355863789,-0.01950436156864239,0.018931221804757124,similar signs across defensible orderings indicate stronger IRF robustness; differences indicate identification sensitivity
C_granger_policy_reaction,"INF, INDPRO_GROWTH, UNRATE, FEDFUNDS, SENTIMENT_CHANGE",FEDFUNDS,INF,7,-0.0025001350281136855,-0.020276294591751863,0.014828919000470476,similar signs across defensible orderings indicate stronger IRF robustness; differences indicate identification sensitivity
C_granger_policy_reaction,"INF, INDPRO_GROWTH, UNRATE, FEDFUNDS, SENTIMENT_CHANGE",FEDFUNDS,INF,8,-0.00014282085843506746,-0.0168756528138599,0.015254249244344991,similar signs across defensible orderings indicate stronger IRF robustness; differences indicate identification sensitivity
C_granger_policy_reaction,"INF, INDPRO_GROWTH, UNRATE, FEDFUNDS, SENTIMENT_CHANGE",FEDFUNDS,INF,9,-0.0004508708277124268,-0.016195692729348198,0.012726867852871679,similar signs across defensible orderings indicate stronger IRF robustness; differences indicate identification sensitivity
C_granger_policy_reaction,"INF, INDPRO_GROWTH, UNRATE, FEDFUNDS, SENTIMENT_CHANGE",FEDFUNDS,INF,10,-0.0013549401641850922,-0.014492581155966619,0.009098058115494955,similar signs across defensible orderings indicate stronger IRF robustness; differences indicate identification sensitivity
C_granger_policy_reaction,"INF, INDPRO_GROWTH, UNRATE, FEDFUNDS, SENTIMENT_CHANGE",FEDFUNDS,INF,11,-0.000892174481925318,-0.01377609334515755,0.009439991482736387,similar signs across defensible orderings indicate stronger IRF robustness; differences indicate identification sensitivity
C_granger_policy_reaction,"INF, INDPRO_GROWTH, UNRATE, FEDFUNDS, SENTIMENT_CHANGE",FEDFUNDS,INF,12,-0.0005757475443215064,-0.012723830294189747,0.00926482811553372,similar signs across defensible orderings indicate stronger IRF robustness; differences indicate identification sensitivity
C_granger_policy_reaction,"INF, INDPRO_GROWTH, UNRATE, FEDFUNDS, SENTIMENT_CHANGE",FEDFUNDS,INF,13,-0.0006596275133959426,-0.012626190091194641,0.008898735626260427,similar signs across defensible orderings indicate stronger IRF robustness; differences indicate identification sensitivity
C_granger_policy_reaction,"INF, INDPRO_GROWTH, UNRATE, FEDFUNDS, SENTIMENT_CHANGE",FEDFUNDS,INF,14,-0.0006777550860235603,-0.011422889859416935,0.008239843364608443,similar signs across defensible orderings indicate stronger IRF robustness; differences indicate identification sensitivity
C_granger_policy_reaction,"INF, INDPRO_GROWTH, UNRATE, FEDFUNDS, SENTIMENT_CHANGE",FEDFUNDS,INF,15,-0.00013690736270531248,-0.011817964609898587,0.008499372894650824,similar signs across defensible orderings indicate stronger IRF robustness; differences indicate identification sensitivity
C_granger_policy_reaction,"INF, INDPRO_GROWTH, UNRATE, FEDFUNDS, SENTIMENT_CHANGE",FEDFUNDS,INF,16,0.00047955747788983375,-0.010980799118783982,0.009289371436677058,similar signs across defensible orderings indicate stronger IRF robustness; differences indicate identification sensitivity
C_granger_policy_reaction,"INF, INDPRO_GROWTH, UNRATE, FEDFUNDS, SENTIMENT_CHANGE",FEDFUNDS,INF,17,0.0005959275446452348,-0.011054616211306075,0.009603532300873128,similar signs across defensible orderings indicate stronger IRF robustness; differences indicate identification sensitivity
C_granger_policy_reaction,"INF, INDPRO_GROWTH, UNRATE, FEDFUNDS, SENTIMENT_CHANGE",FEDFUNDS,INF,18,0.000450135259850845,-0.010870630753990125,0.00917973046649312,similar signs across defensible orderings indicate stronger IRF robustness; differences indicate identification sensitivity
C_granger_policy_reaction,"INF, INDPRO_GROWTH, UNRATE, FEDFUNDS, SENTIMENT_CHANGE",FEDFUNDS,INF,19,0.00041621252864578926,-0.010515268898864857,0.008805362867712394,similar signs across defensible orderings indicate stronger IRF robustness; differences indicate identification sensitivity
C_granger_policy_reaction,"INF, INDPRO_GROWTH, UNRATE, FEDFUNDS, SENTIMENT_CHANGE",FEDFUNDS,INF,20,0.00047466016339560766,-0.010195312906186912,0.008759919924737859,similar signs across defensible orderings indicate stronger IRF robustness; differences indicate identification sensitivity
C_granger_policy_reaction,"INF, INDPRO_GROWTH, UNRATE, FEDFUNDS, SENTIMENT_CHANGE",FEDFUNDS,INF,21,0.0005211381178471045,-0.009999546410131422,0.008853568302073489,similar signs across defensible orderings indicate stronger IRF robustness; differences indicate identification sensitivity
C_granger_policy_reaction,"INF, INDPRO_GROWTH, UNRATE, FEDFUNDS, SENTIMENT_CHANGE",FEDFUNDS,INF,22,0.0005736420624539572,-0.009616181848780866,0.008829707846793359,similar signs across defensible orderings indicate stronger IRF robustness; differences indicate identification sensitivity
C_granger_policy_reaction,"INF, INDPRO_GROWTH, UNRATE, FEDFUNDS, SENTIMENT_CHANGE",FEDFUNDS,INF,23,0.0006477917965277857,-0.009194202048131145,0.008708286834259034,similar signs across defensible orderings indicate stronger IRF robustness; differences indicate identification sensitivity
C_granger_policy_reaction,"INF, INDPRO_GROWTH, UNRATE, FEDFUNDS, SENTIMENT_CHANGE",FEDFUNDS,INF,24,0.0007048686964288819,-0.008806090129413413,0.008691052787698817,similar signs across defensible orderings indicate stronger IRF robustness; differences indicate identification sensitivity
C_granger_policy_reaction,"INF, INDPRO_GROWTH, UNRATE, FEDFUNDS, SENTIMENT_CHANGE",FEDFUNDS,UNRATE,0,0.0,0.0,0.0,similar signs across defensible orderings indicate stronger IRF robustness; differences indicate identification sensitivity
C_granger_policy_reaction,"INF, INDPRO_GROWTH, UNRATE, FEDFUNDS, SENTIMENT_CHANGE",FEDFUNDS,UNRATE,1,-0.2219464669532917,-0.27581167548607,-0.1635326916115312,similar signs across defensible orderings indicate stronger IRF robustness; differences indicate identification sensitivity
C_granger_policy_reaction,"INF, INDPRO_GROWTH, UNRATE, FEDFUNDS, SENTIMENT_CHANGE",FEDFUNDS,UNRATE,2,-0.1725407593900102,-0.27622033979506977,-0.09409480581880211,similar signs across defensible orderings indicate stronger IRF robustness; differences indicate identification sensitivity
C_granger_policy_reaction,"INF, INDPRO_GROWTH, UNRATE, FEDFUNDS, SENTIMENT_CHANGE",FEDFUNDS,UNRATE,3,-0.134468485215522,-0.23869626618932618,-0.04164847765050655,similar signs across defensible orderings indicate stronger IRF robustness; differences indicate identification sensitivity
C_granger_policy_reaction,"INF, INDPRO_GROWTH, UNRATE, FEDFUNDS, SENTIMENT_CHANGE",FEDFUNDS,UNRATE,4,-0.1438871977822217,-0.2534241108605522,-0.036678071491232686,similar signs across defensible orderings indicate stronger IRF robustness; differences indicate identification sensitivity
C_granger_policy_reaction,"INF, INDPRO_GROWTH, UNRATE, FEDFUNDS, SENTIMENT_CHANGE",FEDFUNDS,UNRATE,5,-0.1397664823687472,-0.2469246770512566,-0.02266812731871089,similar signs across defensible orderings indicate stronger IRF robustness; differences indicate identification sensitivity
C_granger_policy_reaction,"INF, INDPRO_GROWTH, UNRATE, FEDFUNDS, SENTIMENT_CHANGE",FEDFUNDS,UNRATE,6,-0.1419908185052764,-0.2564773230223055,-0.014328041230728478,similar signs across defensible orderings indicate stronger IRF robustness; differences indicate identification sensitivity
C_granger_policy_reaction,"INF, INDPRO_GROWTH, UNRATE, FEDFUNDS, SENTIMENT_CHANGE",FEDFUNDS,UNRATE,7,-0.1501153046628026,-0.2634781066696727,-0.016334583231214735,similar signs across defensible orderings indicate stronger IRF robustness; differences indicate identification sensitivity
C_granger_policy_reaction,"INF, INDPRO_GROWTH, UNRATE, FEDFUNDS, SENTIMENT_CHANGE",FEDFUNDS,UNRATE,8,-0.1533946327250713,-0.26171796269500697,-0.008071965363981375,similar signs across defensible orderings indicate stronger IRF robustness; differences indicate identification sensitivity
C_granger_policy_reaction,"INF, INDPRO_GROWTH, UNRATE, FEDFUNDS, SENTIMENT_CHANGE",FEDFUNDS,UNRATE,9,-0.15838894417506752,-0.26722286252834,-0.010981201514964688,similar signs across defensible orderings indicate stronger IRF robustness; differences indicate identification sensitivity
C_granger_policy_reaction,"INF, INDPRO_GROWTH, UNRATE, FEDFUNDS, SENTIMENT_CHANGE",FEDFUNDS,UNRATE,10,-0.15826891215216676,-0.2651023443639529,-0.008282810259557183,similar signs across defensible orderings indicate stronger IRF robustness; differences indicate identification sensitivity
C_granger_policy_reaction,"INF, INDPRO_GROWTH, UNRATE, FEDFUNDS, SENTIMENT_CHANGE",FEDFUNDS,UNRATE,11,-0.1551836393906191,-0.2655310887460161,-0.0032771293405540964,similar signs across defensible orderings indicate stronger IRF robustness; differences indicate identification sensitivity
C_granger_policy_reaction,"INF, INDPRO_GROWTH, UNRATE, FEDFUNDS, SENTIMENT_CHANGE",FEDFUNDS,UNRATE,12,-0.15315636359739432,-0.258963245907948,0.003849688913483115,similar signs across defensible orderings indicate stronger IRF robustness; differences indicate identification sensitivity
C_granger_policy_reaction,"INF, INDPRO_GROWTH, UNRATE, FEDFUNDS, SENTIMENT_CHANGE",FEDFUNDS,UNRATE,13,-0.14903033677508415,-0.2526975308266035,0.014435793057930761,similar signs across defensible orderings indicate stronger IRF robustness; differences indicate identification sensitivity
C_granger_policy_reaction,"INF, INDPRO_GROWTH, UNRATE, FEDFUNDS, SENTIMENT_CHANGE",FEDFUNDS,UNRATE,14,-0.14499948938453963,-0.2447720756911443,0.025559240673569867,similar signs across defensible orderings indicate stronger IRF robustness; differences indicate identification sensitivity
C_granger_policy_reaction,"INF, INDPRO_GROWTH, UNRATE, FEDFUNDS, SENTIMENT_CHANGE",FEDFUNDS,UNRATE,15,-0.1415576232528231,-0.24113042396936704,0.0339213881612485,similar signs across defensible orderings indicate stronger IRF robustness; differences indicate identification sensitivity
C_granger_policy_reaction,"INF, INDPRO_GROWTH, UNRATE, FEDFUNDS, SENTIMENT_CHANGE",FEDFUNDS,UNRATE,16,-0.13796862282006767,-0.23724794330900598,0.04018951118392334,similar signs across defensible orderings indicate stronger IRF robustness; differences indicate identification sensitivity
C_granger_policy_reaction,"INF, INDPRO_GROWTH, UNRATE, FEDFUNDS, SENTIMENT_CHANGE",FEDFUNDS,UNRATE,17,-0.13457786775500064,-0.23557674940532444,0.042494760829122555,similar signs across defensible orderings indicate stronger IRF robustness; differences indicate identification sensitivity
C_granger_policy_reaction,"INF, INDPRO_GROWTH, UNRATE, FEDFUNDS, SENTIMENT_CHANGE",FEDFUNDS,UNRATE,18,-0.13073777356131214,-0.23214177227095856,0.041677209612762944,similar signs across defensible orderings indicate stronger IRF robustness; differences indicate identification sensitivity
C_granger_policy_reaction,"INF, INDPRO_GROWTH, UNRATE, FEDFUNDS, SENTIMENT_CHANGE",FEDFUNDS,UNRATE,19,-0.1260872170661428,-0.2286818561099292,0.04650131363835096,similar signs across defensible orderings indicate stronger IRF robustness; differences indicate identification sensitivity
C_granger_policy_reaction,"INF, INDPRO_GROWTH, UNRATE, FEDFUNDS, SENTIMENT_CHANGE",FEDFUNDS,UNRATE,20,-0.1211632167875464,-0.22666161840826496,0.05565269772966322,similar signs across defensible orderings indicate stronger IRF robustness; differences indicate identification sensitivity
C_granger_policy_reaction,"INF, INDPRO_GROWTH, UNRATE, FEDFUNDS, SENTIMENT_CHANGE",FEDFUNDS,UNRATE,21,-0.11622843032844597,-0.22295577418719753,0.05938741083700292,similar signs across defensible orderings indicate stronger IRF robustness; differences indicate identification sensitivity
C_granger_policy_reaction,"INF, INDPRO_GROWTH, UNRATE, FEDFUNDS, SENTIMENT_CHANGE",FEDFUNDS,UNRATE,22,-0.11134744137352134,-0.21882430960643248,0.059927812177532735,similar signs across defensible orderings indicate stronger IRF robustness; differences indicate identification sensitivity
C_granger_policy_reaction,"INF, INDPRO_GROWTH, UNRATE, FEDFUNDS, SENTIMENT_CHANGE",FEDFUNDS,UNRATE,23,-0.10659885837073393,-0.2180994963799895,0.06552564801751368,similar signs across defensible orderings indicate stronger IRF robustness; differences indicate identification sensitivity
C_granger_policy_reaction,"INF, INDPRO_GROWTH, UNRATE, FEDFUNDS, SENTIMENT_CHANGE",FEDFUNDS,UNRATE,24,-0.10193817328541381,-0.2163965423485735,0.07494211612545197,similar signs across defensible orderings indicate stronger IRF robustness; differences indicate identification sensitivity
C_granger_policy_reaction,"INF, INDPRO_GROWTH, UNRATE, FEDFUNDS, SENTIMENT_CHANGE",FEDFUNDS,INDPRO_GROWTH,0,0.0,0.0,0.0,similar signs across defensible orderings indicate stronger IRF robustness; differences indicate identification sensitivity
C_granger_policy_reaction,"INF, INDPRO_GROWTH, UNRATE, FEDFUNDS, SENTIMENT_CHANGE",FEDFUNDS,INDPRO_GROWTH,1,0.3014348564657019,0.2012519242581264,0.4087708624327657,similar signs across defensible orderings indicate stronger IRF robustness; differences indicate identification sensitivity
C_granger_policy_reaction,"INF, INDPRO_GROWTH, UNRATE, FEDFUNDS, SENTIMENT_CHANGE",FEDFUNDS,INDPRO_GROWTH,2,-0.028200758611756693,-0.1338930829558086,0.08560285261448347,similar signs across defensible orderings indicate stronger IRF robustness; differences indicate identification sensitivity
C_granger_policy_reaction,"INF, INDPRO_GROWTH, UNRATE, FEDFUNDS, SENTIMENT_CHANGE",FEDFUNDS,INDPRO_GROWTH,3,-0.07894612668442542,-0.19435616145360354,0.03157552050253788,similar signs across defensible orderings indicate stronger IRF robustness; differences indicate identification sensitivity
C_granger_policy_reaction,"INF, INDPRO_GROWTH, UNRATE, FEDFUNDS, SENTIMENT_CHANGE",FEDFUNDS,INDPRO_GROWTH,4,0.0003922647590061642,-0.09415257997103922,0.10808370836053084,similar signs across defensible orderings indicate stronger IRF robustness; differences indicate identification sensitivity
C_granger_policy_reaction,"INF, INDPRO_GROWTH, UNRATE, FEDFUNDS, SENTIMENT_CHANGE",FEDFUNDS,INDPRO_GROWTH,5,0.04971945943196478,-0.04479625353952021,0.13508096825993962,similar signs across defensible orderings indicate stronger IRF robustness; differences indicate identification sensitivity
C_granger_policy_reaction,"INF, INDPRO_GROWTH, UNRATE, FEDFUNDS, SENTIMENT_CHANGE",FEDFUNDS,INDPRO_GROWTH,6,0.058746893691317595,-0.0010062725333954315,0.12018842848975966,similar signs across defensible orderings indicate stronger IRF robustness; differences indicate identification sensitivity
C_granger_policy_reaction,"INF, INDPRO_GROWTH, UNRATE, FEDFUNDS, SENTIMENT_CHANGE",FEDFUNDS,INDPRO_GROWTH,7,0.004130994489954146,-0.05477197482449053,0.06086772973253258,similar signs across defensible orderings indicate stronger IRF robustness; differences indicate identification sensitivity
C_granger_policy_reaction,"INF, INDPRO_GROWTH, UNRATE, FEDFUNDS, SENTIMENT_CHANGE",FEDFUNDS,INDPRO_GROWTH,8,0.020280302897216274,-0.03489318079521593,0.06145810857510417,similar signs across defensible orderings indicate stronger IRF robustness; differences indicate identification sensitivity
C_granger_policy_reaction,"INF, INDPRO_GROWTH, UNRATE, FEDFUNDS, SENTIMENT_CHANGE",FEDFUNDS,INDPRO_GROWTH,9,0.03207596893449431,-0.013427052411681758,0.07423554000640067,similar signs across defensible orderings indicate stronger IRF robustness; differences indicate identification sensitivity
C_granger_policy_reaction,"INF, INDPRO_GROWTH, UNRATE, FEDFUNDS, SENTIMENT_CHANGE",FEDFUNDS,INDPRO_GROWTH,10,0.01824654974027435,-0.02466662235119296,0.053798274102595994,similar signs across defensible orderings indicate stronger IRF robustness; differences indicate identification sensitivity
C_granger_policy_reaction,"INF, INDPRO_GROWTH, UNRATE, FEDFUNDS, SENTIMENT_CHANGE",FEDFUNDS,INDPRO_GROWTH,11,0.012645347428986802,-0.029854064916305368,0.04419678628762275,similar signs across defensible orderings indicate stronger IRF robustness; differences indicate identification sensitivity
C_granger_policy_reaction,"INF, INDPRO_GROWTH, UNRATE, FEDFUNDS, SENTIMENT_CHANGE",FEDFUNDS,INDPRO_GROWTH,12,0.01343686031303467,-0.027375343545679588,0.04004090267046725,similar signs across defensible orderings indicate stronger IRF robustness; differences indicate identification sensitivity
C_granger_policy_reaction,"INF, INDPRO_GROWTH, UNRATE, FEDFUNDS, SENTIMENT_CHANGE",FEDFUNDS,INDPRO_GROWTH,13,0.01113676806267155,-0.028799857018546402,0.037119373850768085,similar signs across defensible orderings indicate stronger IRF robustness; differences indicate identification sensitivity
C_granger_policy_reaction,"INF, INDPRO_GROWTH, UNRATE, FEDFUNDS, SENTIMENT_CHANGE",FEDFUNDS,INDPRO_GROWTH,14,0.0107641231752657,-0.027840830588865058,0.03903123688526614,similar signs across defensible orderings indicate stronger IRF robustness; differences indicate identification sensitivity
C_granger_policy_reaction,"INF, INDPRO_GROWTH, UNRATE, FEDFUNDS, SENTIMENT_CHANGE",FEDFUNDS,INDPRO_GROWTH,15,0.00972198101415969,-0.026071664265543495,0.03512420052648744,similar signs across defensible orderings indicate stronger IRF robustness; differences indicate identification sensitivity
C_granger_policy_reaction,"INF, INDPRO_GROWTH, UNRATE, FEDFUNDS, SENTIMENT_CHANGE",FEDFUNDS,INDPRO_GROWTH,16,0.008208062570125288,-0.025857415794882738,0.03085586889609902,similar signs across defensible orderings indicate stronger IRF robustness; differences indicate identification sensitivity
C_granger_policy_reaction,"INF, INDPRO_GROWTH, UNRATE, FEDFUNDS, SENTIMENT_CHANGE",FEDFUNDS,INDPRO_GROWTH,17,0.008073241532142473,-0.028421527150954414,0.030287446694739976,similar signs across defensible orderings indicate stronger IRF robustness; differences indicate identification sensitivity
C_granger_policy_reaction,"INF, INDPRO_GROWTH, UNRATE, FEDFUNDS, SENTIMENT_CHANGE",FEDFUNDS,INDPRO_GROWTH,18,0.006768901342568,-0.029087138606269564,0.02988540805064812,similar signs across defensible orderings indicate stronger IRF robustness; differences indicate identification sensitivity
C_granger_policy_reaction,"INF, INDPRO_GROWTH, UNRATE, FEDFUNDS, SENTIMENT_CHANGE",FEDFUNDS,INDPRO_GROWTH,19,0.0048354164847887885,-0.028313883736537215,0.026765483314676486,similar signs across defensible orderings indicate stronger IRF robustness; differences indicate identification sensitivity
C_granger_policy_reaction,"INF, INDPRO_GROWTH, UNRATE, FEDFUNDS, SENTIMENT_CHANGE",FEDFUNDS,INDPRO_GROWTH,20,0.003685827142545843,-0.028325132680795083,0.02557935433647887,similar signs across defensible orderings indicate stronger IRF robustness; differences indicate identification sensitivity
C_granger_policy_reaction,"INF, INDPRO_GROWTH, UNRATE, FEDFUNDS, SENTIMENT_CHANGE",FEDFUNDS,INDPRO_GROWTH,21,0.00319814769932848,-0.028028007242648083,0.024859633078319673,similar signs across defensible orderings indicate stronger IRF robustness; differences indicate identification sensitivity
C_granger_policy_reaction,"INF, INDPRO_GROWTH, UNRATE, FEDFUNDS, SENTIMENT_CHANGE",FEDFUNDS,INDPRO_GROWTH,22,0.0028283037072986696,-0.02744052831820808,0.024026351528902815,similar signs across defensible orderings indicate stronger IRF robustness; differences indicate identification sensitivity
C_granger_policy_reaction,"INF, INDPRO_GROWTH, UNRATE, FEDFUNDS, SENTIMENT_CHANGE",FEDFUNDS,INDPRO_GROWTH,23,0.002393419863304926,-0.028247292912610814,0.023679001961010297,similar signs across defensible orderings indicate stronger IRF robustness; differences indicate identification sensitivity
C_granger_policy_reaction,"INF, INDPRO_GROWTH, UNRATE, FEDFUNDS, SENTIMENT_CHANGE",FEDFUNDS,INDPRO_GROWTH,24,0.0019523493385265422,-0.028176992735487,0.023483672424260985,similar signs across defensible orderings indicate stronger IRF robustness; differences indicate identification sensitivity
C_granger_policy_reaction,"INF, INDPRO_GROWTH, UNRATE, FEDFUNDS, SENTIMENT_CHANGE",FEDFUNDS,SENTIMENT_CHANGE,0,0.8995179196054323,0.5022098988941744,1.3362423635837681,similar signs across defensible orderings indicate stronger IRF robustness; differences indicate identification sensitivity
C_granger_policy_reaction,"INF, INDPRO_GROWTH, UNRATE, FEDFUNDS, SENTIMENT_CHANGE",FEDFUNDS,SENTIMENT_CHANGE,1,0.05369793391134466,-0.3821344966997159,0.4408619172818308,similar signs across defensible orderings indicate stronger IRF robustness; differences indicate identification sensitivity
C_granger_policy_reaction,"INF, INDPRO_GROWTH, UNRATE, FEDFUNDS, SENTIMENT_CHANGE",FEDFUNDS,SENTIMENT_CHANGE,2,0.025808865287965308,-0.38072027302174943,0.4715155403436999,similar signs across defensible orderings indicate stronger IRF robustness; differences indicate identification sensitivity
C_granger_policy_reaction,"INF, INDPRO_GROWTH, UNRATE, FEDFUNDS, SENTIMENT_CHANGE",FEDFUNDS,SENTIMENT_CHANGE,3,-0.013038277525048712,-0.4618376471470417,0.376678472402984,similar signs across defensible orderings indicate stronger IRF robustness; differences indicate identification sensitivity
C_granger_policy_reaction,"INF, INDPRO_GROWTH, UNRATE, FEDFUNDS, SENTIMENT_CHANGE",FEDFUNDS,SENTIMENT_CHANGE,4,0.2627205919838555,-0.12684417699317205,0.6632661136228989,similar signs across defensible orderings indicate stronger IRF robustness; differences indicate identification sensitivity
C_granger_policy_reaction,"INF, INDPRO_GROWTH, UNRATE, FEDFUNDS, SENTIMENT_CHANGE",FEDFUNDS,SENTIMENT_CHANGE,5,0.0382847450396072,-0.22442374232034248,0.27976304148565695,similar signs across defensible orderings indicate stronger IRF robustness; differences indicate identification sensitivity
C_granger_policy_reaction,"INF, INDPRO_GROWTH, UNRATE, FEDFUNDS, SENTIMENT_CHANGE",FEDFUNDS,SENTIMENT_CHANGE,6,-0.10557345362654706,-0.323796650069209,0.10004002926212727,similar signs across defensible orderings indicate stronger IRF robustness; differences indicate identification sensitivity
C_granger_policy_reaction,"INF, INDPRO_GROWTH, UNRATE, FEDFUNDS, SENTIMENT_CHANGE",FEDFUNDS,SENTIMENT_CHANGE,7,0.03429373837925929,-0.16892221330060223,0.17809550797183651,similar signs across defensible orderings indicate stronger IRF robustness; differences indicate identification sensitivity
C_granger_policy_reaction,"INF, INDPRO_GROWTH, UNRATE, FEDFUNDS, SENTIMENT_CHANGE",FEDFUNDS,SENTIMENT_CHANGE,8,0.11591582112012595,-0.04650243801745809,0.28161623373210265,similar signs across defensible orderings indicate stronger IRF robustness; differences indicate identification sensitivity
C_granger_policy_reaction,"INF, INDPRO_GROWTH, UNRATE, FEDFUNDS, SENTIMENT_CHANGE",FEDFUNDS,SENTIMENT_CHANGE,9,0.030311630182976387,-0.1264963341343059,0.1677669365834741,similar signs across defensible orderings indicate stronger IRF robustness; differences indicate identification sensitivity
C_granger_policy_reaction,"INF, INDPRO_GROWTH, UNRATE, FEDFUNDS, SENTIMENT_CHANGE",FEDFUNDS,SENTIMENT_CHANGE,10,0.03491808858873036,-0.08423823713111361,0.1555807195025403,similar signs across defensible orderings indicate stronger IRF robustness; differences indicate identification sensitivity
C_granger_policy_reaction,"INF, INDPRO_GROWTH, UNRATE, FEDFUNDS, SENTIMENT_CHANGE",FEDFUNDS,SENTIMENT_CHANGE,11,0.03974837306645224,-0.0735591835656669,0.11914176870113338,similar signs across defensible orderings indicate stronger IRF robustness; differences indicate identification sensitivity
C_granger_policy_reaction,"INF, INDPRO_GROWTH, UNRATE, FEDFUNDS, SENTIMENT_CHANGE",FEDFUNDS,SENTIMENT_CHANGE,12,-0.014825745393536822,-0.11069950687743584,0.05394448403992183,similar signs across defensible orderings indicate stronger IRF robustness; differences indicate identification sensitivity
C_granger_policy_reaction,"INF, INDPRO_GROWTH, UNRATE, FEDFUNDS, SENTIMENT_CHANGE",FEDFUNDS,SENTIMENT_CHANGE,13,-0.0334916616767328,-0.1214532939912722,0.02914548755388056,similar signs across defensible orderings indicate stronger IRF robustness; differences indicate identification sensitivity
C_granger_policy_reaction,"INF, INDPRO_GROWTH, UNRATE, FEDFUNDS, SENTIMENT_CHANGE",FEDFUNDS,SENTIMENT_CHANGE,14,-0.016192567860074225,-0.09484799627034014,0.043461867191001896,similar signs across defensible orderings indicate stronger IRF robustness; differences indicate identification sensitivity
C_granger_policy_reaction,"INF, INDPRO_GROWTH, UNRATE, FEDFUNDS, SENTIMENT_CHANGE",FEDFUNDS,SENTIMENT_CHANGE,15,-0.014589064046688116,-0.09559317623345484,0.041749040548563945,similar signs across defensible orderings indicate stronger IRF robustness; differences indicate identification sensitivity
C_granger_policy_reaction,"INF, INDPRO_GROWTH, UNRATE, FEDFUNDS, SENTIMENT_CHANGE",FEDFUNDS,SENTIMENT_CHANGE,16,-0.019686888734943325,-0.09882405623875763,0.0382245459035543,similar signs across defensible orderings indicate stronger IRF robustness; differences indicate identification sensitivity
C_granger_policy_reaction,"INF, INDPRO_GROWTH, UNRATE, FEDFUNDS, SENTIMENT_CHANGE",FEDFUNDS,SENTIMENT_CHANGE,17,-0.019240042117275348,-0.09789482498974642,0.035747708105821174,similar signs across defensible orderings indicate stronger IRF robustness; differences indicate identification sensitivity
C_granger_policy_reaction,"INF, INDPRO_GROWTH, UNRATE, FEDFUNDS, SENTIMENT_CHANGE",FEDFUNDS,SENTIMENT_CHANGE,18,-0.023056707286628706,-0.09749459358422055,0.03115914189908335,similar signs across defensible orderings indicate stronger IRF robustness; differences indicate identification sensitivity
C_granger_policy_reaction,"INF, INDPRO_GROWTH, UNRATE, FEDFUNDS, SENTIMENT_CHANGE",FEDFUNDS,SENTIMENT_CHANGE,19,-0.030545565854318942,-0.10175913592424471,0.017669199447996956,similar signs across defensible orderings indicate stronger IRF robustness; differences indicate identification sensitivity
C_granger_policy_reaction,"INF, INDPRO_GROWTH, UNRATE, FEDFUNDS, SENTIMENT_CHANGE",FEDFUNDS,SENTIMENT_CHANGE,20,-0.033980283100194804,-0.1021613752559336,0.01598679257769503,similar signs across defensible orderings indicate stronger IRF robustness; differences indicate identification sensitivity
C_granger_policy_reaction,"INF, INDPRO_GROWTH, UNRATE, FEDFUNDS, SENTIMENT_CHANGE",FEDFUNDS,SENTIMENT_CHANGE,21,-0.035384187486487736,-0.10375499459027955,0.011643602224700815,similar signs across defensible orderings indicate stronger IRF robustness; differences indicate identification sensitivity
C_granger_policy_reaction,"INF, INDPRO_GROWTH, UNRATE, FEDFUNDS, SENTIMENT_CHANGE",FEDFUNDS,SENTIMENT_CHANGE,22,-0.036344291553552066,-0.10446687521228787,0.012121531913167569,similar signs across defensible orderings indicate stronger IRF robustness; differences indicate identification sensitivity
C_granger_policy_reaction,"INF, INDPRO_GROWTH, UNRATE, FEDFUNDS, SENTIMENT_CHANGE",FEDFUNDS,SENTIMENT_CHANGE,23,-0.03568614482001702,-0.10212489865201871,0.014508587656212006,similar signs across defensible orderings indicate stronger IRF robustness; differences indicate identification sensitivity
C_granger_policy_reaction,"INF, INDPRO_GROWTH, UNRATE, FEDFUNDS, SENTIMENT_CHANGE",FEDFUNDS,SENTIMENT_CHANGE,24,-0.03495880403866252,-0.09896302138965932,0.01376985640594871,similar signs across defensible orderings indicate stronger IRF robustness; differences indicate identification sensitivity
