model,candidate,lag_order,diagnostic_type,equation,test,Acceptable if,durbin_watson,ljung_box_lag,ljung_box_p_value,max_abs_acf_lag_1_to_24,acf_confidence_bound,acf_exceedance_count,acf_exceedance_share,jarque_bera_p_value,arch_lm_p_value,portmanteau_p_value,system_normality_p_value,stable,source_residual,target_residual,lag_of_max_abs_ccf,ccf_at_max_abs_lag,max_abs_ccf
VARX_D_FEDFUNDS,VARX_D_FEDFUNDS_A,1,equation_residual,INF,"DW, Ljung-Box, ACF, Jarque-Bera, ARCH-LM",DW near 2; Ljung-Box/JB/ARCH p-values > 0.05 preferred; positive-lag ACF exceedances should be limited,1.8589468778820255,12.0,0.0002119100421744992,0.1746193810363213,0.10660994547120255,7.0,0.2916666666666667,1.3644122688512311e-43,0.003048021710717848,4.014865709525557e-10,0.0,True,,,,,
VARX_D_FEDFUNDS,VARX_D_FEDFUNDS_A,1,equation_residual,UNRATE,"DW, Ljung-Box, ACF, Jarque-Bera, ARCH-LM",DW near 2; Ljung-Box/JB/ARCH p-values > 0.05 preferred; positive-lag ACF exceedances should be limited,2.2557824877283164,12.0,0.4329475732863798,0.127954601869617,0.10660994547120255,1.0,0.041666666666666664,0.0,0.999599387265754,4.014865709525557e-10,0.0,True,,,,,
VARX_D_FEDFUNDS,VARX_D_FEDFUNDS_A,1,equation_residual,INDPRO_GROWTH,"DW, Ljung-Box, ACF, Jarque-Bera, ARCH-LM",DW near 2; Ljung-Box/JB/ARCH p-values > 0.05 preferred; positive-lag ACF exceedances should be limited,2.0276393921693803,12.0,0.005966180750998121,0.18325860748879047,0.10660994547120255,2.0,0.08333333333333333,0.0,0.5765010136400157,4.014865709525557e-10,0.0,True,,,,,
VARX_D_FEDFUNDS,VARX_D_FEDFUNDS_A,1,equation_residual,M2_GROWTH,"DW, Ljung-Box, ACF, Jarque-Bera, ARCH-LM",DW near 2; Ljung-Box/JB/ARCH p-values > 0.05 preferred; positive-lag ACF exceedances should be limited,1.9720803654020624,12.0,3.3607481799412393e-06,0.21266043153556338,0.10660994547120255,6.0,0.25,0.0,0.000316284965330421,4.014865709525557e-10,0.0,True,,,,,
VARX_D_FEDFUNDS,VARX_D_FEDFUNDS_A,1,lagged_cross_correlation,,Residual lagged cross-correlation,smaller absolute cross-correlations indicate weaker remaining cross-equation residual dependence; lag 0 is meaningful for cross-series residuals,,,,,,,,,,4.014865709525557e-10,0.0,True,INF,INF,2.0,-0.1746193810363213,0.1746193810363213
VARX_D_FEDFUNDS,VARX_D_FEDFUNDS_A,1,lagged_cross_correlation,,Residual lagged cross-correlation,smaller absolute cross-correlations indicate weaker remaining cross-equation residual dependence; lag 0 is meaningful for cross-series residuals,,,,,,,,,,4.014865709525557e-10,0.0,True,INF,UNRATE,0.0,-0.18252158866029589,0.18252158866029589
VARX_D_FEDFUNDS,VARX_D_FEDFUNDS_A,1,lagged_cross_correlation,,Residual lagged cross-correlation,smaller absolute cross-correlations indicate weaker remaining cross-equation residual dependence; lag 0 is meaningful for cross-series residuals,,,,,,,,,,4.014865709525557e-10,0.0,True,INF,INDPRO_GROWTH,0.0,0.12945619337106704,0.12945619337106704
VARX_D_FEDFUNDS,VARX_D_FEDFUNDS_A,1,lagged_cross_correlation,,Residual lagged cross-correlation,smaller absolute cross-correlations indicate weaker remaining cross-equation residual dependence; lag 0 is meaningful for cross-series residuals,,,,,,,,,,4.014865709525557e-10,0.0,True,INF,M2_GROWTH,-5.0,0.11942209466443413,0.11942209466443413
VARX_D_FEDFUNDS,VARX_D_FEDFUNDS_A,1,lagged_cross_correlation,,Residual lagged cross-correlation,smaller absolute cross-correlations indicate weaker remaining cross-equation residual dependence; lag 0 is meaningful for cross-series residuals,,,,,,,,,,4.014865709525557e-10,0.0,True,UNRATE,INF,0.0,-0.18252158866029589,0.18252158866029589
VARX_D_FEDFUNDS,VARX_D_FEDFUNDS_A,1,lagged_cross_correlation,,Residual lagged cross-correlation,smaller absolute cross-correlations indicate weaker remaining cross-equation residual dependence; lag 0 is meaningful for cross-series residuals,,,,,,,,,,4.014865709525557e-10,0.0,True,UNRATE,UNRATE,1.0,-0.127954601869617,0.127954601869617
VARX_D_FEDFUNDS,VARX_D_FEDFUNDS_A,1,lagged_cross_correlation,,Residual lagged cross-correlation,smaller absolute cross-correlations indicate weaker remaining cross-equation residual dependence; lag 0 is meaningful for cross-series residuals,,,,,,,,,,4.014865709525557e-10,0.0,True,UNRATE,INDPRO_GROWTH,0.0,-0.7368782371891368,0.7368782371891368
VARX_D_FEDFUNDS,VARX_D_FEDFUNDS_A,1,lagged_cross_correlation,,Residual lagged cross-correlation,smaller absolute cross-correlations indicate weaker remaining cross-equation residual dependence; lag 0 is meaningful for cross-series residuals,,,,,,,,,,4.014865709525557e-10,0.0,True,UNRATE,M2_GROWTH,0.0,0.3949686286566702,0.3949686286566702
VARX_D_FEDFUNDS,VARX_D_FEDFUNDS_A,1,lagged_cross_correlation,,Residual lagged cross-correlation,smaller absolute cross-correlations indicate weaker remaining cross-equation residual dependence; lag 0 is meaningful for cross-series residuals,,,,,,,,,,4.014865709525557e-10,0.0,True,INDPRO_GROWTH,INF,0.0,0.12945619337106704,0.12945619337106704
VARX_D_FEDFUNDS,VARX_D_FEDFUNDS_A,1,lagged_cross_correlation,,Residual lagged cross-correlation,smaller absolute cross-correlations indicate weaker remaining cross-equation residual dependence; lag 0 is meaningful for cross-series residuals,,,,,,,,,,4.014865709525557e-10,0.0,True,INDPRO_GROWTH,UNRATE,0.0,-0.7368782371891368,0.7368782371891368
VARX_D_FEDFUNDS,VARX_D_FEDFUNDS_A,1,lagged_cross_correlation,,Residual lagged cross-correlation,smaller absolute cross-correlations indicate weaker remaining cross-equation residual dependence; lag 0 is meaningful for cross-series residuals,,,,,,,,,,4.014865709525557e-10,0.0,True,INDPRO_GROWTH,INDPRO_GROWTH,10.0,0.18325860748879047,0.18325860748879047
VARX_D_FEDFUNDS,VARX_D_FEDFUNDS_A,1,lagged_cross_correlation,,Residual lagged cross-correlation,smaller absolute cross-correlations indicate weaker remaining cross-equation residual dependence; lag 0 is meaningful for cross-series residuals,,,,,,,,,,4.014865709525557e-10,0.0,True,INDPRO_GROWTH,M2_GROWTH,0.0,-0.3983036210472616,0.3983036210472616
VARX_D_FEDFUNDS,VARX_D_FEDFUNDS_A,1,lagged_cross_correlation,,Residual lagged cross-correlation,smaller absolute cross-correlations indicate weaker remaining cross-equation residual dependence; lag 0 is meaningful for cross-series residuals,,,,,,,,,,4.014865709525557e-10,0.0,True,M2_GROWTH,INF,5.0,0.11942209466443413,0.11942209466443413
VARX_D_FEDFUNDS,VARX_D_FEDFUNDS_A,1,lagged_cross_correlation,,Residual lagged cross-correlation,smaller absolute cross-correlations indicate weaker remaining cross-equation residual dependence; lag 0 is meaningful for cross-series residuals,,,,,,,,,,4.014865709525557e-10,0.0,True,M2_GROWTH,UNRATE,0.0,0.39496862865667015,0.39496862865667015
VARX_D_FEDFUNDS,VARX_D_FEDFUNDS_A,1,lagged_cross_correlation,,Residual lagged cross-correlation,smaller absolute cross-correlations indicate weaker remaining cross-equation residual dependence; lag 0 is meaningful for cross-series residuals,,,,,,,,,,4.014865709525557e-10,0.0,True,M2_GROWTH,INDPRO_GROWTH,0.0,-0.3983036210472615,0.3983036210472615
VARX_D_FEDFUNDS,VARX_D_FEDFUNDS_A,1,lagged_cross_correlation,,Residual lagged cross-correlation,smaller absolute cross-correlations indicate weaker remaining cross-equation residual dependence; lag 0 is meaningful for cross-series residuals,,,,,,,,,,4.014865709525557e-10,0.0,True,M2_GROWTH,M2_GROWTH,6.0,0.21266043153556338,0.21266043153556338
VARX_D_FEDFUNDS,VARX_D_FEDFUNDS_A,2,equation_residual,INF,"DW, Ljung-Box, ACF, Jarque-Bera, ARCH-LM",DW near 2; Ljung-Box/JB/ARCH p-values > 0.05 preferred; positive-lag ACF exceedances should be limited,1.9555013177148952,12.0,0.012750052838801974,0.16116214777770344,0.10676800329775729,5.0,0.20833333333333334,7.92786010406226e-22,7.679879950196161e-06,6.2965986513440075e-09,0.0,True,,,,,
VARX_D_FEDFUNDS,VARX_D_FEDFUNDS_A,2,equation_residual,UNRATE,"DW, Ljung-Box, ACF, Jarque-Bera, ARCH-LM",DW near 2; Ljung-Box/JB/ARCH p-values > 0.05 preferred; positive-lag ACF exceedances should be limited,2.1431505126344046,12.0,0.04056611182066468,0.13613589815301466,0.10676800329775729,1.0,0.041666666666666664,0.0,0.9999999522933921,6.2965986513440075e-09,0.0,True,,,,,
VARX_D_FEDFUNDS,VARX_D_FEDFUNDS_A,2,equation_residual,INDPRO_GROWTH,"DW, Ljung-Box, ACF, Jarque-Bera, ARCH-LM",DW near 2; Ljung-Box/JB/ARCH p-values > 0.05 preferred; positive-lag ACF exceedances should be limited,2.077881078464127,12.0,0.1386454269388821,0.13983306391700426,0.10676800329775729,1.0,0.041666666666666664,0.0,0.9339750021840917,6.2965986513440075e-09,0.0,True,,,,,
VARX_D_FEDFUNDS,VARX_D_FEDFUNDS_A,2,equation_residual,M2_GROWTH,"DW, Ljung-Box, ACF, Jarque-Bera, ARCH-LM",DW near 2; Ljung-Box/JB/ARCH p-values > 0.05 preferred; positive-lag ACF exceedances should be limited,2.043527952905811,12.0,1.5187083527785009e-05,0.19615778922816243,0.10676800329775729,5.0,0.20833333333333334,0.0,0.0004682140606582354,6.2965986513440075e-09,0.0,True,,,,,
VARX_D_FEDFUNDS,VARX_D_FEDFUNDS_A,2,lagged_cross_correlation,,Residual lagged cross-correlation,smaller absolute cross-correlations indicate weaker remaining cross-equation residual dependence; lag 0 is meaningful for cross-series residuals,,,,,,,,,,6.2965986513440075e-09,0.0,True,INF,INF,4.0,0.16116214777770344,0.16116214777770344
VARX_D_FEDFUNDS,VARX_D_FEDFUNDS_A,2,lagged_cross_correlation,,Residual lagged cross-correlation,smaller absolute cross-correlations indicate weaker remaining cross-equation residual dependence; lag 0 is meaningful for cross-series residuals,,,,,,,,,,6.2965986513440075e-09,0.0,True,INF,UNRATE,0.0,-0.15105805075426934,0.15105805075426934
VARX_D_FEDFUNDS,VARX_D_FEDFUNDS_A,2,lagged_cross_correlation,,Residual lagged cross-correlation,smaller absolute cross-correlations indicate weaker remaining cross-equation residual dependence; lag 0 is meaningful for cross-series residuals,,,,,,,,,,6.2965986513440075e-09,0.0,True,INF,INDPRO_GROWTH,12.0,-0.13415943788380336,0.13415943788380336
VARX_D_FEDFUNDS,VARX_D_FEDFUNDS_A,2,lagged_cross_correlation,,Residual lagged cross-correlation,smaller absolute cross-correlations indicate weaker remaining cross-equation residual dependence; lag 0 is meaningful for cross-series residuals,,,,,,,,,,6.2965986513440075e-09,0.0,True,INF,M2_GROWTH,-4.0,-0.1344745421207322,0.1344745421207322
VARX_D_FEDFUNDS,VARX_D_FEDFUNDS_A,2,lagged_cross_correlation,,Residual lagged cross-correlation,smaller absolute cross-correlations indicate weaker remaining cross-equation residual dependence; lag 0 is meaningful for cross-series residuals,,,,,,,,,,6.2965986513440075e-09,0.0,True,UNRATE,INF,0.0,-0.15105805075426937,0.15105805075426937
VARX_D_FEDFUNDS,VARX_D_FEDFUNDS_A,2,lagged_cross_correlation,,Residual lagged cross-correlation,smaller absolute cross-correlations indicate weaker remaining cross-equation residual dependence; lag 0 is meaningful for cross-series residuals,,,,,,,,,,6.2965986513440075e-09,0.0,True,UNRATE,UNRATE,3.0,0.13613589815301466,0.13613589815301466
VARX_D_FEDFUNDS,VARX_D_FEDFUNDS_A,2,lagged_cross_correlation,,Residual lagged cross-correlation,smaller absolute cross-correlations indicate weaker remaining cross-equation residual dependence; lag 0 is meaningful for cross-series residuals,,,,,,,,,,6.2965986513440075e-09,0.0,True,UNRATE,INDPRO_GROWTH,0.0,-0.7180629561243388,0.7180629561243388
VARX_D_FEDFUNDS,VARX_D_FEDFUNDS_A,2,lagged_cross_correlation,,Residual lagged cross-correlation,smaller absolute cross-correlations indicate weaker remaining cross-equation residual dependence; lag 0 is meaningful for cross-series residuals,,,,,,,,,,6.2965986513440075e-09,0.0,True,UNRATE,M2_GROWTH,0.0,0.43427276682225696,0.43427276682225696
VARX_D_FEDFUNDS,VARX_D_FEDFUNDS_A,2,lagged_cross_correlation,,Residual lagged cross-correlation,smaller absolute cross-correlations indicate weaker remaining cross-equation residual dependence; lag 0 is meaningful for cross-series residuals,,,,,,,,,,6.2965986513440075e-09,0.0,True,INDPRO_GROWTH,INF,-12.0,-0.13415943788380336,0.13415943788380336
VARX_D_FEDFUNDS,VARX_D_FEDFUNDS_A,2,lagged_cross_correlation,,Residual lagged cross-correlation,smaller absolute cross-correlations indicate weaker remaining cross-equation residual dependence; lag 0 is meaningful for cross-series residuals,,,,,,,,,,6.2965986513440075e-09,0.0,True,INDPRO_GROWTH,UNRATE,0.0,-0.7180629561243387,0.7180629561243387
VARX_D_FEDFUNDS,VARX_D_FEDFUNDS_A,2,lagged_cross_correlation,,Residual lagged cross-correlation,smaller absolute cross-correlations indicate weaker remaining cross-equation residual dependence; lag 0 is meaningful for cross-series residuals,,,,,,,,,,6.2965986513440075e-09,0.0,True,INDPRO_GROWTH,INDPRO_GROWTH,10.0,0.13983306391700426,0.13983306391700426
VARX_D_FEDFUNDS,VARX_D_FEDFUNDS_A,2,lagged_cross_correlation,,Residual lagged cross-correlation,smaller absolute cross-correlations indicate weaker remaining cross-equation residual dependence; lag 0 is meaningful for cross-series residuals,,,,,,,,,,6.2965986513440075e-09,0.0,True,INDPRO_GROWTH,M2_GROWTH,0.0,-0.4125398009356509,0.4125398009356509
VARX_D_FEDFUNDS,VARX_D_FEDFUNDS_A,2,lagged_cross_correlation,,Residual lagged cross-correlation,smaller absolute cross-correlations indicate weaker remaining cross-equation residual dependence; lag 0 is meaningful for cross-series residuals,,,,,,,,,,6.2965986513440075e-09,0.0,True,M2_GROWTH,INF,4.0,-0.13447454212073218,0.13447454212073218
VARX_D_FEDFUNDS,VARX_D_FEDFUNDS_A,2,lagged_cross_correlation,,Residual lagged cross-correlation,smaller absolute cross-correlations indicate weaker remaining cross-equation residual dependence; lag 0 is meaningful for cross-series residuals,,,,,,,,,,6.2965986513440075e-09,0.0,True,M2_GROWTH,UNRATE,0.0,0.4342727668222569,0.4342727668222569
VARX_D_FEDFUNDS,VARX_D_FEDFUNDS_A,2,lagged_cross_correlation,,Residual lagged cross-correlation,smaller absolute cross-correlations indicate weaker remaining cross-equation residual dependence; lag 0 is meaningful for cross-series residuals,,,,,,,,,,6.2965986513440075e-09,0.0,True,M2_GROWTH,INDPRO_GROWTH,0.0,-0.4125398009356509,0.4125398009356509
VARX_D_FEDFUNDS,VARX_D_FEDFUNDS_A,2,lagged_cross_correlation,,Residual lagged cross-correlation,smaller absolute cross-correlations indicate weaker remaining cross-equation residual dependence; lag 0 is meaningful for cross-series residuals,,,,,,,,,,6.2965986513440075e-09,0.0,True,M2_GROWTH,M2_GROWTH,6.0,0.19615778922816243,0.19615778922816243
VARX_D_FEDFUNDS,VARX_D_FEDFUNDS_A,3,equation_residual,INF,"DW, Ljung-Box, ACF, Jarque-Bera, ARCH-LM",DW near 2; Ljung-Box/JB/ARCH p-values > 0.05 preferred; positive-lag ACF exceedances should be limited,1.9975581131873719,12.0,0.16243221575125222,0.13278911658195294,0.10692676621563627,4.0,0.16666666666666666,1.679127065178212e-17,1.0988445251533025e-05,1.0796726730027994e-09,0.0,True,,,,,
VARX_D_FEDFUNDS,VARX_D_FEDFUNDS_A,3,equation_residual,UNRATE,"DW, Ljung-Box, ACF, Jarque-Bera, ARCH-LM",DW near 2; Ljung-Box/JB/ARCH p-values > 0.05 preferred; positive-lag ACF exceedances should be limited,2.1193466047651404,12.0,0.5251267328699791,0.0817028148966259,0.10692676621563627,0.0,0.0,0.0,0.9999999994646792,1.0796726730027994e-09,0.0,True,,,,,
VARX_D_FEDFUNDS,VARX_D_FEDFUNDS_A,3,equation_residual,INDPRO_GROWTH,"DW, Ljung-Box, ACF, Jarque-Bera, ARCH-LM",DW near 2; Ljung-Box/JB/ARCH p-values > 0.05 preferred; positive-lag ACF exceedances should be limited,2.1464199277886498,12.0,0.17029625504608273,0.1439270165409978,0.10692676621563627,2.0,0.08333333333333333,0.0,0.8832453146024193,1.0796726730027994e-09,0.0,True,,,,,
VARX_D_FEDFUNDS,VARX_D_FEDFUNDS_A,3,equation_residual,M2_GROWTH,"DW, Ljung-Box, ACF, Jarque-Bera, ARCH-LM",DW near 2; Ljung-Box/JB/ARCH p-values > 0.05 preferred; positive-lag ACF exceedances should be limited,2.0371626311170385,12.0,0.006328364106803535,0.16025607028568128,0.10692676621563627,5.0,0.20833333333333334,0.0,0.00026663732656073284,1.0796726730027994e-09,0.0,True,,,,,
VARX_D_FEDFUNDS,VARX_D_FEDFUNDS_A,3,lagged_cross_correlation,,Residual lagged cross-correlation,smaller absolute cross-correlations indicate weaker remaining cross-equation residual dependence; lag 0 is meaningful for cross-series residuals,,,,,,,,,,1.0796726730027994e-09,0.0,True,INF,INF,12.0,-0.13086891737476267,0.13086891737476267
VARX_D_FEDFUNDS,VARX_D_FEDFUNDS_A,3,lagged_cross_correlation,,Residual lagged cross-correlation,smaller absolute cross-correlations indicate weaker remaining cross-equation residual dependence; lag 0 is meaningful for cross-series residuals,,,,,,,,,,1.0796726730027994e-09,0.0,True,INF,UNRATE,0.0,-0.12246609193382385,0.12246609193382385
VARX_D_FEDFUNDS,VARX_D_FEDFUNDS_A,3,lagged_cross_correlation,,Residual lagged cross-correlation,smaller absolute cross-correlations indicate weaker remaining cross-equation residual dependence; lag 0 is meaningful for cross-series residuals,,,,,,,,,,1.0796726730027994e-09,0.0,True,INF,INDPRO_GROWTH,12.0,-0.13130924840334318,0.13130924840334318
VARX_D_FEDFUNDS,VARX_D_FEDFUNDS_A,3,lagged_cross_correlation,,Residual lagged cross-correlation,smaller absolute cross-correlations indicate weaker remaining cross-equation residual dependence; lag 0 is meaningful for cross-series residuals,,,,,,,,,,1.0796726730027994e-09,0.0,True,INF,M2_GROWTH,-4.0,-0.13648274480515413,0.13648274480515413
VARX_D_FEDFUNDS,VARX_D_FEDFUNDS_A,3,lagged_cross_correlation,,Residual lagged cross-correlation,smaller absolute cross-correlations indicate weaker remaining cross-equation residual dependence; lag 0 is meaningful for cross-series residuals,,,,,,,,,,1.0796726730027994e-09,0.0,True,UNRATE,INF,0.0,-0.12246609193382385,0.12246609193382385
VARX_D_FEDFUNDS,VARX_D_FEDFUNDS_A,3,lagged_cross_correlation,,Residual lagged cross-correlation,smaller absolute cross-correlations indicate weaker remaining cross-equation residual dependence; lag 0 is meaningful for cross-series residuals,,,,,,,,,,1.0796726730027994e-09,0.0,True,UNRATE,UNRATE,12.0,0.0817028148966259,0.0817028148966259
VARX_D_FEDFUNDS,VARX_D_FEDFUNDS_A,3,lagged_cross_correlation,,Residual lagged cross-correlation,smaller absolute cross-correlations indicate weaker remaining cross-equation residual dependence; lag 0 is meaningful for cross-series residuals,,,,,,,,,,1.0796726730027994e-09,0.0,True,UNRATE,INDPRO_GROWTH,0.0,-0.7117803374091991,0.7117803374091991
VARX_D_FEDFUNDS,VARX_D_FEDFUNDS_A,3,lagged_cross_correlation,,Residual lagged cross-correlation,smaller absolute cross-correlations indicate weaker remaining cross-equation residual dependence; lag 0 is meaningful for cross-series residuals,,,,,,,,,,1.0796726730027994e-09,0.0,True,UNRATE,M2_GROWTH,0.0,0.46840883691500845,0.46840883691500845
VARX_D_FEDFUNDS,VARX_D_FEDFUNDS_A,3,lagged_cross_correlation,,Residual lagged cross-correlation,smaller absolute cross-correlations indicate weaker remaining cross-equation residual dependence; lag 0 is meaningful for cross-series residuals,,,,,,,,,,1.0796726730027994e-09,0.0,True,INDPRO_GROWTH,INF,-12.0,-0.13130924840334318,0.13130924840334318
VARX_D_FEDFUNDS,VARX_D_FEDFUNDS_A,3,lagged_cross_correlation,,Residual lagged cross-correlation,smaller absolute cross-correlations indicate weaker remaining cross-equation residual dependence; lag 0 is meaningful for cross-series residuals,,,,,,,,,,1.0796726730027994e-09,0.0,True,INDPRO_GROWTH,UNRATE,0.0,-0.7117803374091991,0.7117803374091991
VARX_D_FEDFUNDS,VARX_D_FEDFUNDS_A,3,lagged_cross_correlation,,Residual lagged cross-correlation,smaller absolute cross-correlations indicate weaker remaining cross-equation residual dependence; lag 0 is meaningful for cross-series residuals,,,,,,,,,,1.0796726730027994e-09,0.0,True,INDPRO_GROWTH,INDPRO_GROWTH,10.0,0.1439270165409978,0.1439270165409978
VARX_D_FEDFUNDS,VARX_D_FEDFUNDS_A,3,lagged_cross_correlation,,Residual lagged cross-correlation,smaller absolute cross-correlations indicate weaker remaining cross-equation residual dependence; lag 0 is meaningful for cross-series residuals,,,,,,,,,,1.0796726730027994e-09,0.0,True,INDPRO_GROWTH,M2_GROWTH,0.0,-0.42966656566131123,0.42966656566131123
VARX_D_FEDFUNDS,VARX_D_FEDFUNDS_A,3,lagged_cross_correlation,,Residual lagged cross-correlation,smaller absolute cross-correlations indicate weaker remaining cross-equation residual dependence; lag 0 is meaningful for cross-series residuals,,,,,,,,,,1.0796726730027994e-09,0.0,True,M2_GROWTH,INF,4.0,-0.1364827448051541,0.1364827448051541
VARX_D_FEDFUNDS,VARX_D_FEDFUNDS_A,3,lagged_cross_correlation,,Residual lagged cross-correlation,smaller absolute cross-correlations indicate weaker remaining cross-equation residual dependence; lag 0 is meaningful for cross-series residuals,,,,,,,,,,1.0796726730027994e-09,0.0,True,M2_GROWTH,UNRATE,0.0,0.46840883691500845,0.46840883691500845
VARX_D_FEDFUNDS,VARX_D_FEDFUNDS_A,3,lagged_cross_correlation,,Residual lagged cross-correlation,smaller absolute cross-correlations indicate weaker remaining cross-equation residual dependence; lag 0 is meaningful for cross-series residuals,,,,,,,,,,1.0796726730027994e-09,0.0,True,M2_GROWTH,INDPRO_GROWTH,0.0,-0.4296665656613112,0.4296665656613112
VARX_D_FEDFUNDS,VARX_D_FEDFUNDS_A,3,lagged_cross_correlation,,Residual lagged cross-correlation,smaller absolute cross-correlations indicate weaker remaining cross-equation residual dependence; lag 0 is meaningful for cross-series residuals,,,,,,,,,,1.0796726730027994e-09,0.0,True,M2_GROWTH,M2_GROWTH,6.0,0.14079152502365358,0.14079152502365358
VARX_D_FEDFUNDS,VARX_D_FEDFUNDS_A,4,equation_residual,INF,"DW, Ljung-Box, ACF, Jarque-Bera, ARCH-LM",DW near 2; Ljung-Box/JB/ARCH p-values > 0.05 preferred; positive-lag ACF exceedances should be limited,1.9666901349723394,12.0,0.3332003211096454,0.12885062167688607,0.107086239482798,3.0,0.125,3.97875598269717e-22,1.2678146118188539e-05,2.271757275092924e-06,0.0,True,,,,,
VARX_D_FEDFUNDS,VARX_D_FEDFUNDS_A,4,equation_residual,UNRATE,"DW, Ljung-Box, ACF, Jarque-Bera, ARCH-LM",DW near 2; Ljung-Box/JB/ARCH p-values > 0.05 preferred; positive-lag ACF exceedances should be limited,2.0936132101718563,12.0,0.5257563113144998,0.07788605255371943,0.107086239482798,0.0,0.0,0.0,0.9999999999296609,2.271757275092924e-06,0.0,True,,,,,
VARX_D_FEDFUNDS,VARX_D_FEDFUNDS_A,4,equation_residual,INDPRO_GROWTH,"DW, Ljung-Box, ACF, Jarque-Bera, ARCH-LM",DW near 2; Ljung-Box/JB/ARCH p-values > 0.05 preferred; positive-lag ACF exceedances should be limited,2.1234511379923338,12.0,0.14056938839171917,0.14349744055017194,0.107086239482798,1.0,0.041666666666666664,0.0,0.8908733629379177,2.271757275092924e-06,0.0,True,,,,,
VARX_D_FEDFUNDS,VARX_D_FEDFUNDS_A,4,equation_residual,M2_GROWTH,"DW, Ljung-Box, ACF, Jarque-Bera, ARCH-LM",DW near 2; Ljung-Box/JB/ARCH p-values > 0.05 preferred; positive-lag ACF exceedances should be limited,2.032291478302305,12.0,0.2450358175609089,0.1453606301243137,0.107086239482798,1.0,0.041666666666666664,0.0,0.0003846591864239261,2.271757275092924e-06,0.0,True,,,,,
VARX_D_FEDFUNDS,VARX_D_FEDFUNDS_A,4,lagged_cross_correlation,,Residual lagged cross-correlation,smaller absolute cross-correlations indicate weaker remaining cross-equation residual dependence; lag 0 is meaningful for cross-series residuals,,,,,,,,,,2.271757275092924e-06,0.0,True,INF,INF,12.0,-0.12885062167688607,0.12885062167688607
VARX_D_FEDFUNDS,VARX_D_FEDFUNDS_A,4,lagged_cross_correlation,,Residual lagged cross-correlation,smaller absolute cross-correlations indicate weaker remaining cross-equation residual dependence; lag 0 is meaningful for cross-series residuals,,,,,,,,,,2.271757275092924e-06,0.0,True,INF,UNRATE,0.0,-0.12559720548356468,0.12559720548356468
VARX_D_FEDFUNDS,VARX_D_FEDFUNDS_A,4,lagged_cross_correlation,,Residual lagged cross-correlation,smaller absolute cross-correlations indicate weaker remaining cross-equation residual dependence; lag 0 is meaningful for cross-series residuals,,,,,,,,,,2.271757275092924e-06,0.0,True,INF,INDPRO_GROWTH,12.0,-0.12707527621449913,0.12707527621449913
VARX_D_FEDFUNDS,VARX_D_FEDFUNDS_A,4,lagged_cross_correlation,,Residual lagged cross-correlation,smaller absolute cross-correlations indicate weaker remaining cross-equation residual dependence; lag 0 is meaningful for cross-series residuals,,,,,,,,,,2.271757275092924e-06,0.0,True,INF,M2_GROWTH,-4.0,-0.12424655578824671,0.12424655578824671
VARX_D_FEDFUNDS,VARX_D_FEDFUNDS_A,4,lagged_cross_correlation,,Residual lagged cross-correlation,smaller absolute cross-correlations indicate weaker remaining cross-equation residual dependence; lag 0 is meaningful for cross-series residuals,,,,,,,,,,2.271757275092924e-06,0.0,True,UNRATE,INF,0.0,-0.12559720548356468,0.12559720548356468
VARX_D_FEDFUNDS,VARX_D_FEDFUNDS_A,4,lagged_cross_correlation,,Residual lagged cross-correlation,smaller absolute cross-correlations indicate weaker remaining cross-equation residual dependence; lag 0 is meaningful for cross-series residuals,,,,,,,,,,2.271757275092924e-06,0.0,True,UNRATE,UNRATE,12.0,0.07788605255371943,0.07788605255371943
VARX_D_FEDFUNDS,VARX_D_FEDFUNDS_A,4,lagged_cross_correlation,,Residual lagged cross-correlation,smaller absolute cross-correlations indicate weaker remaining cross-equation residual dependence; lag 0 is meaningful for cross-series residuals,,,,,,,,,,2.271757275092924e-06,0.0,True,UNRATE,INDPRO_GROWTH,0.0,-0.7240331720336562,0.7240331720336562
VARX_D_FEDFUNDS,VARX_D_FEDFUNDS_A,4,lagged_cross_correlation,,Residual lagged cross-correlation,smaller absolute cross-correlations indicate weaker remaining cross-equation residual dependence; lag 0 is meaningful for cross-series residuals,,,,,,,,,,2.271757275092924e-06,0.0,True,UNRATE,M2_GROWTH,0.0,0.49447341022895974,0.49447341022895974
VARX_D_FEDFUNDS,VARX_D_FEDFUNDS_A,4,lagged_cross_correlation,,Residual lagged cross-correlation,smaller absolute cross-correlations indicate weaker remaining cross-equation residual dependence; lag 0 is meaningful for cross-series residuals,,,,,,,,,,2.271757275092924e-06,0.0,True,INDPRO_GROWTH,INF,-12.0,-0.12707527621449913,0.12707527621449913
VARX_D_FEDFUNDS,VARX_D_FEDFUNDS_A,4,lagged_cross_correlation,,Residual lagged cross-correlation,smaller absolute cross-correlations indicate weaker remaining cross-equation residual dependence; lag 0 is meaningful for cross-series residuals,,,,,,,,,,2.271757275092924e-06,0.0,True,INDPRO_GROWTH,UNRATE,0.0,-0.7240331720336562,0.7240331720336562
VARX_D_FEDFUNDS,VARX_D_FEDFUNDS_A,4,lagged_cross_correlation,,Residual lagged cross-correlation,smaller absolute cross-correlations indicate weaker remaining cross-equation residual dependence; lag 0 is meaningful for cross-series residuals,,,,,,,,,,2.271757275092924e-06,0.0,True,INDPRO_GROWTH,INDPRO_GROWTH,10.0,0.14349744055017194,0.14349744055017194
VARX_D_FEDFUNDS,VARX_D_FEDFUNDS_A,4,lagged_cross_correlation,,Residual lagged cross-correlation,smaller absolute cross-correlations indicate weaker remaining cross-equation residual dependence; lag 0 is meaningful for cross-series residuals,,,,,,,,,,2.271757275092924e-06,0.0,True,INDPRO_GROWTH,M2_GROWTH,0.0,-0.4565813786639824,0.4565813786639824
VARX_D_FEDFUNDS,VARX_D_FEDFUNDS_A,4,lagged_cross_correlation,,Residual lagged cross-correlation,smaller absolute cross-correlations indicate weaker remaining cross-equation residual dependence; lag 0 is meaningful for cross-series residuals,,,,,,,,,,2.271757275092924e-06,0.0,True,M2_GROWTH,INF,4.0,-0.12424655578824671,0.12424655578824671
VARX_D_FEDFUNDS,VARX_D_FEDFUNDS_A,4,lagged_cross_correlation,,Residual lagged cross-correlation,smaller absolute cross-correlations indicate weaker remaining cross-equation residual dependence; lag 0 is meaningful for cross-series residuals,,,,,,,,,,2.271757275092924e-06,0.0,True,M2_GROWTH,UNRATE,0.0,0.49447341022895974,0.49447341022895974
VARX_D_FEDFUNDS,VARX_D_FEDFUNDS_A,4,lagged_cross_correlation,,Residual lagged cross-correlation,smaller absolute cross-correlations indicate weaker remaining cross-equation residual dependence; lag 0 is meaningful for cross-series residuals,,,,,,,,,,2.271757275092924e-06,0.0,True,M2_GROWTH,INDPRO_GROWTH,0.0,-0.4565813786639824,0.4565813786639824
VARX_D_FEDFUNDS,VARX_D_FEDFUNDS_A,4,lagged_cross_correlation,,Residual lagged cross-correlation,smaller absolute cross-correlations indicate weaker remaining cross-equation residual dependence; lag 0 is meaningful for cross-series residuals,,,,,,,,,,2.271757275092924e-06,0.0,True,M2_GROWTH,M2_GROWTH,6.0,0.09085651177459492,0.09085651177459492
VARX_D_FEDFUNDS,VARX_D_FEDFUNDS_A,5,equation_residual,INF,"DW, Ljung-Box, ACF, Jarque-Bera, ARCH-LM",DW near 2; Ljung-Box/JB/ARCH p-values > 0.05 preferred; positive-lag ACF exceedances should be limited,1.993954509803255,12.0,0.4968176178562781,0.14199559924241767,0.10724642841225822,2.0,0.08333333333333333,2.0043860769521117e-17,4.593570346068696e-05,9.806875220633148e-05,0.0,True,,,,,
VARX_D_FEDFUNDS,VARX_D_FEDFUNDS_A,5,equation_residual,UNRATE,"DW, Ljung-Box, ACF, Jarque-Bera, ARCH-LM",DW near 2; Ljung-Box/JB/ARCH p-values > 0.05 preferred; positive-lag ACF exceedances should be limited,2.0872479273254543,12.0,0.6154492755331074,0.08830468370639524,0.10724642841225822,0.0,0.0,0.0,0.9999999998855612,9.806875220633148e-05,0.0,True,,,,,
VARX_D_FEDFUNDS,VARX_D_FEDFUNDS_A,5,equation_residual,INDPRO_GROWTH,"DW, Ljung-Box, ACF, Jarque-Bera, ARCH-LM",DW near 2; Ljung-Box/JB/ARCH p-values > 0.05 preferred; positive-lag ACF exceedances should be limited,2.1192854903326928,12.0,0.47121961665366385,0.11838628861799672,0.10724642841225822,1.0,0.041666666666666664,0.0,0.9592724453820978,9.806875220633148e-05,0.0,True,,,,,
VARX_D_FEDFUNDS,VARX_D_FEDFUNDS_A,5,equation_residual,M2_GROWTH,"DW, Ljung-Box, ACF, Jarque-Bera, ARCH-LM",DW near 2; Ljung-Box/JB/ARCH p-values > 0.05 preferred; positive-lag ACF exceedances should be limited,2.0343568315663956,12.0,0.38287384045916134,0.15588632869272134,0.10724642841225822,2.0,0.08333333333333333,0.0,0.0008208458951672268,9.806875220633148e-05,0.0,True,,,,,
VARX_D_FEDFUNDS,VARX_D_FEDFUNDS_A,5,lagged_cross_correlation,,Residual lagged cross-correlation,smaller absolute cross-correlations indicate weaker remaining cross-equation residual dependence; lag 0 is meaningful for cross-series residuals,,,,,,,,,,9.806875220633148e-05,0.0,True,INF,INF,12.0,-0.14199559924241767,0.14199559924241767
VARX_D_FEDFUNDS,VARX_D_FEDFUNDS_A,5,lagged_cross_correlation,,Residual lagged cross-correlation,smaller absolute cross-correlations indicate weaker remaining cross-equation residual dependence; lag 0 is meaningful for cross-series residuals,,,,,,,,,,9.806875220633148e-05,0.0,True,INF,UNRATE,0.0,-0.13307368768139355,0.13307368768139355
VARX_D_FEDFUNDS,VARX_D_FEDFUNDS_A,5,lagged_cross_correlation,,Residual lagged cross-correlation,smaller absolute cross-correlations indicate weaker remaining cross-equation residual dependence; lag 0 is meaningful for cross-series residuals,,,,,,,,,,9.806875220633148e-05,0.0,True,INF,INDPRO_GROWTH,12.0,-0.12795753596451595,0.12795753596451595
VARX_D_FEDFUNDS,VARX_D_FEDFUNDS_A,5,lagged_cross_correlation,,Residual lagged cross-correlation,smaller absolute cross-correlations indicate weaker remaining cross-equation residual dependence; lag 0 is meaningful for cross-series residuals,,,,,,,,,,9.806875220633148e-05,0.0,True,INF,M2_GROWTH,0.0,-0.14113680862754419,0.14113680862754419
VARX_D_FEDFUNDS,VARX_D_FEDFUNDS_A,5,lagged_cross_correlation,,Residual lagged cross-correlation,smaller absolute cross-correlations indicate weaker remaining cross-equation residual dependence; lag 0 is meaningful for cross-series residuals,,,,,,,,,,9.806875220633148e-05,0.0,True,UNRATE,INF,0.0,-0.13307368768139358,0.13307368768139358
VARX_D_FEDFUNDS,VARX_D_FEDFUNDS_A,5,lagged_cross_correlation,,Residual lagged cross-correlation,smaller absolute cross-correlations indicate weaker remaining cross-equation residual dependence; lag 0 is meaningful for cross-series residuals,,,,,,,,,,9.806875220633148e-05,0.0,True,UNRATE,UNRATE,10.0,-0.08830468370639524,0.08830468370639524
VARX_D_FEDFUNDS,VARX_D_FEDFUNDS_A,5,lagged_cross_correlation,,Residual lagged cross-correlation,smaller absolute cross-correlations indicate weaker remaining cross-equation residual dependence; lag 0 is meaningful for cross-series residuals,,,,,,,,,,9.806875220633148e-05,0.0,True,UNRATE,INDPRO_GROWTH,0.0,-0.7278928361672201,0.7278928361672201
VARX_D_FEDFUNDS,VARX_D_FEDFUNDS_A,5,lagged_cross_correlation,,Residual lagged cross-correlation,smaller absolute cross-correlations indicate weaker remaining cross-equation residual dependence; lag 0 is meaningful for cross-series residuals,,,,,,,,,,9.806875220633148e-05,0.0,True,UNRATE,M2_GROWTH,0.0,0.49791122969020135,0.49791122969020135
VARX_D_FEDFUNDS,VARX_D_FEDFUNDS_A,5,lagged_cross_correlation,,Residual lagged cross-correlation,smaller absolute cross-correlations indicate weaker remaining cross-equation residual dependence; lag 0 is meaningful for cross-series residuals,,,,,,,,,,9.806875220633148e-05,0.0,True,INDPRO_GROWTH,INF,-12.0,-0.12795753596451595,0.12795753596451595
VARX_D_FEDFUNDS,VARX_D_FEDFUNDS_A,5,lagged_cross_correlation,,Residual lagged cross-correlation,smaller absolute cross-correlations indicate weaker remaining cross-equation residual dependence; lag 0 is meaningful for cross-series residuals,,,,,,,,,,9.806875220633148e-05,0.0,True,INDPRO_GROWTH,UNRATE,0.0,-0.7278928361672203,0.7278928361672203
VARX_D_FEDFUNDS,VARX_D_FEDFUNDS_A,5,lagged_cross_correlation,,Residual lagged cross-correlation,smaller absolute cross-correlations indicate weaker remaining cross-equation residual dependence; lag 0 is meaningful for cross-series residuals,,,,,,,,,,9.806875220633148e-05,0.0,True,INDPRO_GROWTH,INDPRO_GROWTH,10.0,0.11838628861799672,0.11838628861799672
VARX_D_FEDFUNDS,VARX_D_FEDFUNDS_A,5,lagged_cross_correlation,,Residual lagged cross-correlation,smaller absolute cross-correlations indicate weaker remaining cross-equation residual dependence; lag 0 is meaningful for cross-series residuals,,,,,,,,,,9.806875220633148e-05,0.0,True,INDPRO_GROWTH,M2_GROWTH,0.0,-0.4570594394565459,0.4570594394565459
VARX_D_FEDFUNDS,VARX_D_FEDFUNDS_A,5,lagged_cross_correlation,,Residual lagged cross-correlation,smaller absolute cross-correlations indicate weaker remaining cross-equation residual dependence; lag 0 is meaningful for cross-series residuals,,,,,,,,,,9.806875220633148e-05,0.0,True,M2_GROWTH,INF,0.0,-0.14113680862754419,0.14113680862754419
VARX_D_FEDFUNDS,VARX_D_FEDFUNDS_A,5,lagged_cross_correlation,,Residual lagged cross-correlation,smaller absolute cross-correlations indicate weaker remaining cross-equation residual dependence; lag 0 is meaningful for cross-series residuals,,,,,,,,,,9.806875220633148e-05,0.0,True,M2_GROWTH,UNRATE,0.0,0.4979112296902013,0.4979112296902013
VARX_D_FEDFUNDS,VARX_D_FEDFUNDS_A,5,lagged_cross_correlation,,Residual lagged cross-correlation,smaller absolute cross-correlations indicate weaker remaining cross-equation residual dependence; lag 0 is meaningful for cross-series residuals,,,,,,,,,,9.806875220633148e-05,0.0,True,M2_GROWTH,INDPRO_GROWTH,0.0,-0.45705943945654587,0.45705943945654587
VARX_D_FEDFUNDS,VARX_D_FEDFUNDS_A,5,lagged_cross_correlation,,Residual lagged cross-correlation,smaller absolute cross-correlations indicate weaker remaining cross-equation residual dependence; lag 0 is meaningful for cross-series residuals,,,,,,,,,,9.806875220633148e-05,0.0,True,M2_GROWTH,M2_GROWTH,12.0,0.11016939408964566,0.11016939408964566
VARX_D_FEDFUNDS,VARX_D_FEDFUNDS_A,6,equation_residual,INF,"DW, Ljung-Box, ACF, Jarque-Bera, ARCH-LM",DW near 2; Ljung-Box/JB/ARCH p-values > 0.05 preferred; positive-lag ACF exceedances should be limited,2.0092267226096623,12.0,0.6846377635952474,0.132094185855062,0.10740733837283342,2.0,0.08333333333333333,1.6059971985601184e-16,8.311794865853095e-05,0.0020964301082259905,0.0,True,,,,,
VARX_D_FEDFUNDS,VARX_D_FEDFUNDS_A,6,equation_residual,UNRATE,"DW, Ljung-Box, ACF, Jarque-Bera, ARCH-LM",DW near 2; Ljung-Box/JB/ARCH p-values > 0.05 preferred; positive-lag ACF exceedances should be limited,2.086608495194874,12.0,0.5983312299411248,0.0902364984307262,0.10740733837283342,0.0,0.0,0.0,0.9999999999746411,0.0020964301082259905,0.0,True,,,,,
VARX_D_FEDFUNDS,VARX_D_FEDFUNDS_A,6,equation_residual,INDPRO_GROWTH,"DW, Ljung-Box, ACF, Jarque-Bera, ARCH-LM",DW near 2; Ljung-Box/JB/ARCH p-values > 0.05 preferred; positive-lag ACF exceedances should be limited,2.1031700672518316,12.0,0.5448220197186948,0.10316019267483496,0.10740733837283342,0.0,0.0,0.0,0.9860215705981122,0.0020964301082259905,0.0,True,,,,,
VARX_D_FEDFUNDS,VARX_D_FEDFUNDS_A,6,equation_residual,M2_GROWTH,"DW, Ljung-Box, ACF, Jarque-Bera, ARCH-LM",DW near 2; Ljung-Box/JB/ARCH p-values > 0.05 preferred; positive-lag ACF exceedances should be limited,2.03420558365035,12.0,0.2960418167785631,0.1599340397879444,0.10740733837283342,2.0,0.08333333333333333,0.0,0.0005554464414959257,0.0020964301082259905,0.0,True,,,,,
VARX_D_FEDFUNDS,VARX_D_FEDFUNDS_A,6,lagged_cross_correlation,,Residual lagged cross-correlation,smaller absolute cross-correlations indicate weaker remaining cross-equation residual dependence; lag 0 is meaningful for cross-series residuals,,,,,,,,,,0.0020964301082259905,0.0,True,INF,INF,12.0,-0.12719541160153847,0.12719541160153847
VARX_D_FEDFUNDS,VARX_D_FEDFUNDS_A,6,lagged_cross_correlation,,Residual lagged cross-correlation,smaller absolute cross-correlations indicate weaker remaining cross-equation residual dependence; lag 0 is meaningful for cross-series residuals,,,,,,,,,,0.0020964301082259905,0.0,True,INF,UNRATE,0.0,-0.13153911629132825,0.13153911629132825
VARX_D_FEDFUNDS,VARX_D_FEDFUNDS_A,6,lagged_cross_correlation,,Residual lagged cross-correlation,smaller absolute cross-correlations indicate weaker remaining cross-equation residual dependence; lag 0 is meaningful for cross-series residuals,,,,,,,,,,0.0020964301082259905,0.0,True,INF,INDPRO_GROWTH,12.0,-0.13355043834793373,0.13355043834793373
VARX_D_FEDFUNDS,VARX_D_FEDFUNDS_A,6,lagged_cross_correlation,,Residual lagged cross-correlation,smaller absolute cross-correlations indicate weaker remaining cross-equation residual dependence; lag 0 is meaningful for cross-series residuals,,,,,,,,,,0.0020964301082259905,0.0,True,INF,M2_GROWTH,0.0,-0.14241913007029408,0.14241913007029408
VARX_D_FEDFUNDS,VARX_D_FEDFUNDS_A,6,lagged_cross_correlation,,Residual lagged cross-correlation,smaller absolute cross-correlations indicate weaker remaining cross-equation residual dependence; lag 0 is meaningful for cross-series residuals,,,,,,,,,,0.0020964301082259905,0.0,True,UNRATE,INF,0.0,-0.13153911629132825,0.13153911629132825
VARX_D_FEDFUNDS,VARX_D_FEDFUNDS_A,6,lagged_cross_correlation,,Residual lagged cross-correlation,smaller absolute cross-correlations indicate weaker remaining cross-equation residual dependence; lag 0 is meaningful for cross-series residuals,,,,,,,,,,0.0020964301082259905,0.0,True,UNRATE,UNRATE,10.0,-0.0902364984307262,0.0902364984307262
VARX_D_FEDFUNDS,VARX_D_FEDFUNDS_A,6,lagged_cross_correlation,,Residual lagged cross-correlation,smaller absolute cross-correlations indicate weaker remaining cross-equation residual dependence; lag 0 is meaningful for cross-series residuals,,,,,,,,,,0.0020964301082259905,0.0,True,UNRATE,INDPRO_GROWTH,0.0,-0.7379637467211241,0.7379637467211241
VARX_D_FEDFUNDS,VARX_D_FEDFUNDS_A,6,lagged_cross_correlation,,Residual lagged cross-correlation,smaller absolute cross-correlations indicate weaker remaining cross-equation residual dependence; lag 0 is meaningful for cross-series residuals,,,,,,,,,,0.0020964301082259905,0.0,True,UNRATE,M2_GROWTH,0.0,0.49897385215563367,0.49897385215563367
VARX_D_FEDFUNDS,VARX_D_FEDFUNDS_A,6,lagged_cross_correlation,,Residual lagged cross-correlation,smaller absolute cross-correlations indicate weaker remaining cross-equation residual dependence; lag 0 is meaningful for cross-series residuals,,,,,,,,,,0.0020964301082259905,0.0,True,INDPRO_GROWTH,INF,-12.0,-0.1335504383479337,0.1335504383479337
VARX_D_FEDFUNDS,VARX_D_FEDFUNDS_A,6,lagged_cross_correlation,,Residual lagged cross-correlation,smaller absolute cross-correlations indicate weaker remaining cross-equation residual dependence; lag 0 is meaningful for cross-series residuals,,,,,,,,,,0.0020964301082259905,0.0,True,INDPRO_GROWTH,UNRATE,0.0,-0.737963746721124,0.737963746721124
VARX_D_FEDFUNDS,VARX_D_FEDFUNDS_A,6,lagged_cross_correlation,,Residual lagged cross-correlation,smaller absolute cross-correlations indicate weaker remaining cross-equation residual dependence; lag 0 is meaningful for cross-series residuals,,,,,,,,,,0.0020964301082259905,0.0,True,INDPRO_GROWTH,INDPRO_GROWTH,10.0,0.10316019267483496,0.10316019267483496
VARX_D_FEDFUNDS,VARX_D_FEDFUNDS_A,6,lagged_cross_correlation,,Residual lagged cross-correlation,smaller absolute cross-correlations indicate weaker remaining cross-equation residual dependence; lag 0 is meaningful for cross-series residuals,,,,,,,,,,0.0020964301082259905,0.0,True,INDPRO_GROWTH,M2_GROWTH,0.0,-0.4728470749200637,0.4728470749200637
VARX_D_FEDFUNDS,VARX_D_FEDFUNDS_A,6,lagged_cross_correlation,,Residual lagged cross-correlation,smaller absolute cross-correlations indicate weaker remaining cross-equation residual dependence; lag 0 is meaningful for cross-series residuals,,,,,,,,,,0.0020964301082259905,0.0,True,M2_GROWTH,INF,0.0,-0.14241913007029408,0.14241913007029408
VARX_D_FEDFUNDS,VARX_D_FEDFUNDS_A,6,lagged_cross_correlation,,Residual lagged cross-correlation,smaller absolute cross-correlations indicate weaker remaining cross-equation residual dependence; lag 0 is meaningful for cross-series residuals,,,,,,,,,,0.0020964301082259905,0.0,True,M2_GROWTH,UNRATE,0.0,0.4989738521556336,0.4989738521556336
VARX_D_FEDFUNDS,VARX_D_FEDFUNDS_A,6,lagged_cross_correlation,,Residual lagged cross-correlation,smaller absolute cross-correlations indicate weaker remaining cross-equation residual dependence; lag 0 is meaningful for cross-series residuals,,,,,,,,,,0.0020964301082259905,0.0,True,M2_GROWTH,INDPRO_GROWTH,0.0,-0.4728470749200637,0.4728470749200637
VARX_D_FEDFUNDS,VARX_D_FEDFUNDS_A,6,lagged_cross_correlation,,Residual lagged cross-correlation,smaller absolute cross-correlations indicate weaker remaining cross-equation residual dependence; lag 0 is meaningful for cross-series residuals,,,,,,,,,,0.0020964301082259905,0.0,True,M2_GROWTH,M2_GROWTH,12.0,0.10778020620693439,0.10778020620693439
VARX_D_FEDFUNDS,VARX_D_FEDFUNDS_A,7,equation_residual,INF,"DW, Ljung-Box, ACF, Jarque-Bera, ARCH-LM",DW near 2; Ljung-Box/JB/ARCH p-values > 0.05 preferred; positive-lag ACF exceedances should be limited,1.9758167927708075,12.0,0.6775358692625675,0.13352315059644054,0.10756897478989653,2.0,0.08333333333333333,1.5354214788346293e-16,0.00026628689988633013,0.001494817587002656,0.0,True,,,,,
VARX_D_FEDFUNDS,VARX_D_FEDFUNDS_A,7,equation_residual,UNRATE,"DW, Ljung-Box, ACF, Jarque-Bera, ARCH-LM",DW near 2; Ljung-Box/JB/ARCH p-values > 0.05 preferred; positive-lag ACF exceedances should be limited,2.0882125600679737,12.0,0.6661684375528807,0.10353512249952523,0.10756897478989653,0.0,0.0,0.0,0.9999999999596793,0.001494817587002656,0.0,True,,,,,
VARX_D_FEDFUNDS,VARX_D_FEDFUNDS_A,7,equation_residual,INDPRO_GROWTH,"DW, Ljung-Box, ACF, Jarque-Bera, ARCH-LM",DW near 2; Ljung-Box/JB/ARCH p-values > 0.05 preferred; positive-lag ACF exceedances should be limited,2.0702413679097735,12.0,0.6043815345805028,0.10408848787428342,0.10756897478989653,0.0,0.0,0.0,0.9907314869116859,0.001494817587002656,0.0,True,,,,,
VARX_D_FEDFUNDS,VARX_D_FEDFUNDS_A,7,equation_residual,M2_GROWTH,"DW, Ljung-Box, ACF, Jarque-Bera, ARCH-LM",DW near 2; Ljung-Box/JB/ARCH p-values > 0.05 preferred; positive-lag ACF exceedances should be limited,2.062312917485446,12.0,0.6155912702931388,0.13836622901567694,0.10756897478989653,1.0,0.041666666666666664,0.0,0.0008848833296103937,0.001494817587002656,0.0,True,,,,,
VARX_D_FEDFUNDS,VARX_D_FEDFUNDS_A,7,lagged_cross_correlation,,Residual lagged cross-correlation,smaller absolute cross-correlations indicate weaker remaining cross-equation residual dependence; lag 0 is meaningful for cross-series residuals,,,,,,,,,,0.001494817587002656,0.0,True,INF,INF,12.0,-0.12715579492936416,0.12715579492936416
VARX_D_FEDFUNDS,VARX_D_FEDFUNDS_A,7,lagged_cross_correlation,,Residual lagged cross-correlation,smaller absolute cross-correlations indicate weaker remaining cross-equation residual dependence; lag 0 is meaningful for cross-series residuals,,,,,,,,,,0.001494817587002656,0.0,True,INF,UNRATE,0.0,-0.13809883492868721,0.13809883492868721
VARX_D_FEDFUNDS,VARX_D_FEDFUNDS_A,7,lagged_cross_correlation,,Residual lagged cross-correlation,smaller absolute cross-correlations indicate weaker remaining cross-equation residual dependence; lag 0 is meaningful for cross-series residuals,,,,,,,,,,0.001494817587002656,0.0,True,INF,INDPRO_GROWTH,12.0,-0.15175671575915659,0.15175671575915659
VARX_D_FEDFUNDS,VARX_D_FEDFUNDS_A,7,lagged_cross_correlation,,Residual lagged cross-correlation,smaller absolute cross-correlations indicate weaker remaining cross-equation residual dependence; lag 0 is meaningful for cross-series residuals,,,,,,,,,,0.001494817587002656,0.0,True,INF,M2_GROWTH,0.0,-0.15534204976991076,0.15534204976991076
VARX_D_FEDFUNDS,VARX_D_FEDFUNDS_A,7,lagged_cross_correlation,,Residual lagged cross-correlation,smaller absolute cross-correlations indicate weaker remaining cross-equation residual dependence; lag 0 is meaningful for cross-series residuals,,,,,,,,,,0.001494817587002656,0.0,True,UNRATE,INF,0.0,-0.13809883492868721,0.13809883492868721
VARX_D_FEDFUNDS,VARX_D_FEDFUNDS_A,7,lagged_cross_correlation,,Residual lagged cross-correlation,smaller absolute cross-correlations indicate weaker remaining cross-equation residual dependence; lag 0 is meaningful for cross-series residuals,,,,,,,,,,0.001494817587002656,0.0,True,UNRATE,UNRATE,10.0,-0.10353512249952523,0.10353512249952523
VARX_D_FEDFUNDS,VARX_D_FEDFUNDS_A,7,lagged_cross_correlation,,Residual lagged cross-correlation,smaller absolute cross-correlations indicate weaker remaining cross-equation residual dependence; lag 0 is meaningful for cross-series residuals,,,,,,,,,,0.001494817587002656,0.0,True,UNRATE,INDPRO_GROWTH,0.0,-0.7378966165637568,0.7378966165637568
VARX_D_FEDFUNDS,VARX_D_FEDFUNDS_A,7,lagged_cross_correlation,,Residual lagged cross-correlation,smaller absolute cross-correlations indicate weaker remaining cross-equation residual dependence; lag 0 is meaningful for cross-series residuals,,,,,,,,,,0.001494817587002656,0.0,True,UNRATE,M2_GROWTH,0.0,0.4963730407692741,0.4963730407692741
VARX_D_FEDFUNDS,VARX_D_FEDFUNDS_A,7,lagged_cross_correlation,,Residual lagged cross-correlation,smaller absolute cross-correlations indicate weaker remaining cross-equation residual dependence; lag 0 is meaningful for cross-series residuals,,,,,,,,,,0.001494817587002656,0.0,True,INDPRO_GROWTH,INF,-12.0,-0.1517567157591566,0.1517567157591566
VARX_D_FEDFUNDS,VARX_D_FEDFUNDS_A,7,lagged_cross_correlation,,Residual lagged cross-correlation,smaller absolute cross-correlations indicate weaker remaining cross-equation residual dependence; lag 0 is meaningful for cross-series residuals,,,,,,,,,,0.001494817587002656,0.0,True,INDPRO_GROWTH,UNRATE,0.0,-0.7378966165637568,0.7378966165637568
VARX_D_FEDFUNDS,VARX_D_FEDFUNDS_A,7,lagged_cross_correlation,,Residual lagged cross-correlation,smaller absolute cross-correlations indicate weaker remaining cross-equation residual dependence; lag 0 is meaningful for cross-series residuals,,,,,,,,,,0.001494817587002656,0.0,True,INDPRO_GROWTH,INDPRO_GROWTH,11.0,-0.10408848787428342,0.10408848787428342
VARX_D_FEDFUNDS,VARX_D_FEDFUNDS_A,7,lagged_cross_correlation,,Residual lagged cross-correlation,smaller absolute cross-correlations indicate weaker remaining cross-equation residual dependence; lag 0 is meaningful for cross-series residuals,,,,,,,,,,0.001494817587002656,0.0,True,INDPRO_GROWTH,M2_GROWTH,0.0,-0.4669560908080602,0.4669560908080602
VARX_D_FEDFUNDS,VARX_D_FEDFUNDS_A,7,lagged_cross_correlation,,Residual lagged cross-correlation,smaller absolute cross-correlations indicate weaker remaining cross-equation residual dependence; lag 0 is meaningful for cross-series residuals,,,,,,,,,,0.001494817587002656,0.0,True,M2_GROWTH,INF,0.0,-0.15534204976991076,0.15534204976991076
VARX_D_FEDFUNDS,VARX_D_FEDFUNDS_A,7,lagged_cross_correlation,,Residual lagged cross-correlation,smaller absolute cross-correlations indicate weaker remaining cross-equation residual dependence; lag 0 is meaningful for cross-series residuals,,,,,,,,,,0.001494817587002656,0.0,True,M2_GROWTH,UNRATE,0.0,0.4963730407692741,0.4963730407692741
VARX_D_FEDFUNDS,VARX_D_FEDFUNDS_A,7,lagged_cross_correlation,,Residual lagged cross-correlation,smaller absolute cross-correlations indicate weaker remaining cross-equation residual dependence; lag 0 is meaningful for cross-series residuals,,,,,,,,,,0.001494817587002656,0.0,True,M2_GROWTH,INDPRO_GROWTH,0.0,-0.4669560908080602,0.4669560908080602
VARX_D_FEDFUNDS,VARX_D_FEDFUNDS_A,7,lagged_cross_correlation,,Residual lagged cross-correlation,smaller absolute cross-correlations indicate weaker remaining cross-equation residual dependence; lag 0 is meaningful for cross-series residuals,,,,,,,,,,0.001494817587002656,0.0,True,M2_GROWTH,M2_GROWTH,12.0,0.10095994902081805,0.10095994902081805
VARX_D_FEDFUNDS,VARX_D_FEDFUNDS_A,8,equation_residual,INF,"DW, Ljung-Box, ACF, Jarque-Bera, ARCH-LM",DW near 2; Ljung-Box/JB/ARCH p-values > 0.05 preferred; positive-lag ACF exceedances should be limited,1.9963008431176847,12.0,0.8369515993320474,0.13743898395527282,0.10773134314614528,2.0,0.08333333333333333,9.01310317928303e-15,0.0001334426837854163,2.2968279645982002e-07,0.0,True,,,,,
VARX_D_FEDFUNDS,VARX_D_FEDFUNDS_A,8,equation_residual,UNRATE,"DW, Ljung-Box, ACF, Jarque-Bera, ARCH-LM",DW near 2; Ljung-Box/JB/ARCH p-values > 0.05 preferred; positive-lag ACF exceedances should be limited,2.0973376618130684,12.0,0.6162711571169774,0.0921726735743011,0.10773134314614528,0.0,0.0,0.0,0.9999999999866407,2.2968279645982002e-07,0.0,True,,,,,
VARX_D_FEDFUNDS,VARX_D_FEDFUNDS_A,8,equation_residual,INDPRO_GROWTH,"DW, Ljung-Box, ACF, Jarque-Bera, ARCH-LM",DW near 2; Ljung-Box/JB/ARCH p-values > 0.05 preferred; positive-lag ACF exceedances should be limited,2.0704110873712316,12.0,0.7744268943036247,0.09633848036491002,0.10773134314614528,0.0,0.0,0.0,0.9956337208351963,2.2968279645982002e-07,0.0,True,,,,,
VARX_D_FEDFUNDS,VARX_D_FEDFUNDS_A,8,equation_residual,M2_GROWTH,"DW, Ljung-Box, ACF, Jarque-Bera, ARCH-LM",DW near 2; Ljung-Box/JB/ARCH p-values > 0.05 preferred; positive-lag ACF exceedances should be limited,2.0513469630122954,12.0,0.6959418875763075,0.12828981453054936,0.10773134314614528,1.0,0.041666666666666664,0.0,0.00038820746492975247,2.2968279645982002e-07,0.0,True,,,,,
VARX_D_FEDFUNDS,VARX_D_FEDFUNDS_A,8,lagged_cross_correlation,,Residual lagged cross-correlation,smaller absolute cross-correlations indicate weaker remaining cross-equation residual dependence; lag 0 is meaningful for cross-series residuals,,,,,,,,,,2.2968279645982002e-07,0.0,True,INF,INF,12.0,-0.11280769279909682,0.11280769279909682
VARX_D_FEDFUNDS,VARX_D_FEDFUNDS_A,8,lagged_cross_correlation,,Residual lagged cross-correlation,smaller absolute cross-correlations indicate weaker remaining cross-equation residual dependence; lag 0 is meaningful for cross-series residuals,,,,,,,,,,2.2968279645982002e-07,0.0,True,INF,UNRATE,0.0,-0.1371993578934979,0.1371993578934979
VARX_D_FEDFUNDS,VARX_D_FEDFUNDS_A,8,lagged_cross_correlation,,Residual lagged cross-correlation,smaller absolute cross-correlations indicate weaker remaining cross-equation residual dependence; lag 0 is meaningful for cross-series residuals,,,,,,,,,,2.2968279645982002e-07,0.0,True,INF,INDPRO_GROWTH,12.0,-0.15687886426703188,0.15687886426703188
VARX_D_FEDFUNDS,VARX_D_FEDFUNDS_A,8,lagged_cross_correlation,,Residual lagged cross-correlation,smaller absolute cross-correlations indicate weaker remaining cross-equation residual dependence; lag 0 is meaningful for cross-series residuals,,,,,,,,,,2.2968279645982002e-07,0.0,True,INF,M2_GROWTH,0.0,-0.16002234991541006,0.16002234991541006
VARX_D_FEDFUNDS,VARX_D_FEDFUNDS_A,8,lagged_cross_correlation,,Residual lagged cross-correlation,smaller absolute cross-correlations indicate weaker remaining cross-equation residual dependence; lag 0 is meaningful for cross-series residuals,,,,,,,,,,2.2968279645982002e-07,0.0,True,UNRATE,INF,0.0,-0.13719935789349794,0.13719935789349794
VARX_D_FEDFUNDS,VARX_D_FEDFUNDS_A,8,lagged_cross_correlation,,Residual lagged cross-correlation,smaller absolute cross-correlations indicate weaker remaining cross-equation residual dependence; lag 0 is meaningful for cross-series residuals,,,,,,,,,,2.2968279645982002e-07,0.0,True,UNRATE,UNRATE,10.0,-0.0921726735743011,0.0921726735743011
VARX_D_FEDFUNDS,VARX_D_FEDFUNDS_A,8,lagged_cross_correlation,,Residual lagged cross-correlation,smaller absolute cross-correlations indicate weaker remaining cross-equation residual dependence; lag 0 is meaningful for cross-series residuals,,,,,,,,,,2.2968279645982002e-07,0.0,True,UNRATE,INDPRO_GROWTH,0.0,-0.745353069829747,0.745353069829747
VARX_D_FEDFUNDS,VARX_D_FEDFUNDS_A,8,lagged_cross_correlation,,Residual lagged cross-correlation,smaller absolute cross-correlations indicate weaker remaining cross-equation residual dependence; lag 0 is meaningful for cross-series residuals,,,,,,,,,,2.2968279645982002e-07,0.0,True,UNRATE,M2_GROWTH,0.0,0.5040123434529544,0.5040123434529544
VARX_D_FEDFUNDS,VARX_D_FEDFUNDS_A,8,lagged_cross_correlation,,Residual lagged cross-correlation,smaller absolute cross-correlations indicate weaker remaining cross-equation residual dependence; lag 0 is meaningful for cross-series residuals,,,,,,,,,,2.2968279645982002e-07,0.0,True,INDPRO_GROWTH,INF,-12.0,-0.1568788642670319,0.1568788642670319
VARX_D_FEDFUNDS,VARX_D_FEDFUNDS_A,8,lagged_cross_correlation,,Residual lagged cross-correlation,smaller absolute cross-correlations indicate weaker remaining cross-equation residual dependence; lag 0 is meaningful for cross-series residuals,,,,,,,,,,2.2968279645982002e-07,0.0,True,INDPRO_GROWTH,UNRATE,0.0,-0.745353069829747,0.745353069829747
VARX_D_FEDFUNDS,VARX_D_FEDFUNDS_A,8,lagged_cross_correlation,,Residual lagged cross-correlation,smaller absolute cross-correlations indicate weaker remaining cross-equation residual dependence; lag 0 is meaningful for cross-series residuals,,,,,,,,,,2.2968279645982002e-07,0.0,True,INDPRO_GROWTH,INDPRO_GROWTH,11.0,-0.09633848036491002,0.09633848036491002
VARX_D_FEDFUNDS,VARX_D_FEDFUNDS_A,8,lagged_cross_correlation,,Residual lagged cross-correlation,smaller absolute cross-correlations indicate weaker remaining cross-equation residual dependence; lag 0 is meaningful for cross-series residuals,,,,,,,,,,2.2968279645982002e-07,0.0,True,INDPRO_GROWTH,M2_GROWTH,0.0,-0.46499590812687236,0.46499590812687236
VARX_D_FEDFUNDS,VARX_D_FEDFUNDS_A,8,lagged_cross_correlation,,Residual lagged cross-correlation,smaller absolute cross-correlations indicate weaker remaining cross-equation residual dependence; lag 0 is meaningful for cross-series residuals,,,,,,,,,,2.2968279645982002e-07,0.0,True,M2_GROWTH,INF,0.0,-0.16002234991541003,0.16002234991541003
VARX_D_FEDFUNDS,VARX_D_FEDFUNDS_A,8,lagged_cross_correlation,,Residual lagged cross-correlation,smaller absolute cross-correlations indicate weaker remaining cross-equation residual dependence; lag 0 is meaningful for cross-series residuals,,,,,,,,,,2.2968279645982002e-07,0.0,True,M2_GROWTH,UNRATE,0.0,0.5040123434529545,0.5040123434529545
VARX_D_FEDFUNDS,VARX_D_FEDFUNDS_A,8,lagged_cross_correlation,,Residual lagged cross-correlation,smaller absolute cross-correlations indicate weaker remaining cross-equation residual dependence; lag 0 is meaningful for cross-series residuals,,,,,,,,,,2.2968279645982002e-07,0.0,True,M2_GROWTH,INDPRO_GROWTH,0.0,-0.4649959081268723,0.4649959081268723
VARX_D_FEDFUNDS,VARX_D_FEDFUNDS_A,8,lagged_cross_correlation,,Residual lagged cross-correlation,smaller absolute cross-correlations indicate weaker remaining cross-equation residual dependence; lag 0 is meaningful for cross-series residuals,,,,,,,,,,2.2968279645982002e-07,0.0,True,M2_GROWTH,M2_GROWTH,12.0,0.09962365655235698,0.09962365655235698
VARX_D_FEDFUNDS,VARX_D_FEDFUNDS_policy_change_no_m2_endog,1,equation_residual,INF,"DW, Ljung-Box, ACF, Jarque-Bera, ARCH-LM",DW near 2; Ljung-Box/JB/ARCH p-values > 0.05 preferred; positive-lag ACF exceedances should be limited,1.8182579092275108,12.0,0.0004756265625397389,0.1688159100758965,0.10660994547120255,7.0,0.2916666666666667,6.76258450828391e-43,0.0007206180875613917,1.7125790378804446e-08,0.0,True,,,,,
VARX_D_FEDFUNDS,VARX_D_FEDFUNDS_policy_change_no_m2_endog,1,equation_residual,UNRATE,"DW, Ljung-Box, ACF, Jarque-Bera, ARCH-LM",DW near 2; Ljung-Box/JB/ARCH p-values > 0.05 preferred; positive-lag ACF exceedances should be limited,2.218485188765219,12.0,0.0038507510675236337,0.15177137379869146,0.10660994547120255,4.0,0.16666666666666666,0.0,0.4225984177980062,1.7125790378804446e-08,0.0,True,,,,,
VARX_D_FEDFUNDS,VARX_D_FEDFUNDS_policy_change_no_m2_endog,1,equation_residual,INDPRO_GROWTH,"DW, Ljung-Box, ACF, Jarque-Bera, ARCH-LM",DW near 2; Ljung-Box/JB/ARCH p-values > 0.05 preferred; positive-lag ACF exceedances should be limited,1.815446591484018,12.0,1.4686775111067255e-08,0.24498820231695836,0.10660994547120255,5.0,0.20833333333333334,0.0,2.6009208223294595e-07,1.7125790378804446e-08,0.0,True,,,,,
VARX_D_FEDFUNDS,VARX_D_FEDFUNDS_policy_change_no_m2_endog,1,lagged_cross_correlation,,Residual lagged cross-correlation,smaller absolute cross-correlations indicate weaker remaining cross-equation residual dependence; lag 0 is meaningful for cross-series residuals,,,,,,,,,,1.7125790378804446e-08,0.0,True,INF,INF,11.0,0.1688159100758965,0.1688159100758965
VARX_D_FEDFUNDS,VARX_D_FEDFUNDS_policy_change_no_m2_endog,1,lagged_cross_correlation,,Residual lagged cross-correlation,smaller absolute cross-correlations indicate weaker remaining cross-equation residual dependence; lag 0 is meaningful for cross-series residuals,,,,,,,,,,1.7125790378804446e-08,0.0,True,INF,UNRATE,0.0,-0.1720681012639595,0.1720681012639595
VARX_D_FEDFUNDS,VARX_D_FEDFUNDS_policy_change_no_m2_endog,1,lagged_cross_correlation,,Residual lagged cross-correlation,smaller absolute cross-correlations indicate weaker remaining cross-equation residual dependence; lag 0 is meaningful for cross-series residuals,,,,,,,,,,1.7125790378804446e-08,0.0,True,INF,INDPRO_GROWTH,0.0,0.12199849199435457,0.12199849199435457
VARX_D_FEDFUNDS,VARX_D_FEDFUNDS_policy_change_no_m2_endog,1,lagged_cross_correlation,,Residual lagged cross-correlation,smaller absolute cross-correlations indicate weaker remaining cross-equation residual dependence; lag 0 is meaningful for cross-series residuals,,,,,,,,,,1.7125790378804446e-08,0.0,True,UNRATE,INF,0.0,-0.17206810126395947,0.17206810126395947
VARX_D_FEDFUNDS,VARX_D_FEDFUNDS_policy_change_no_m2_endog,1,lagged_cross_correlation,,Residual lagged cross-correlation,smaller absolute cross-correlations indicate weaker remaining cross-equation residual dependence; lag 0 is meaningful for cross-series residuals,,,,,,,,,,1.7125790378804446e-08,0.0,True,UNRATE,UNRATE,3.0,0.15177137379869146,0.15177137379869146
VARX_D_FEDFUNDS,VARX_D_FEDFUNDS_policy_change_no_m2_endog,1,lagged_cross_correlation,,Residual lagged cross-correlation,smaller absolute cross-correlations indicate weaker remaining cross-equation residual dependence; lag 0 is meaningful for cross-series residuals,,,,,,,,,,1.7125790378804446e-08,0.0,True,UNRATE,INDPRO_GROWTH,0.0,-0.6984181511337023,0.6984181511337023
VARX_D_FEDFUNDS,VARX_D_FEDFUNDS_policy_change_no_m2_endog,1,lagged_cross_correlation,,Residual lagged cross-correlation,smaller absolute cross-correlations indicate weaker remaining cross-equation residual dependence; lag 0 is meaningful for cross-series residuals,,,,,,,,,,1.7125790378804446e-08,0.0,True,INDPRO_GROWTH,INF,0.0,0.12199849199435457,0.12199849199435457
VARX_D_FEDFUNDS,VARX_D_FEDFUNDS_policy_change_no_m2_endog,1,lagged_cross_correlation,,Residual lagged cross-correlation,smaller absolute cross-correlations indicate weaker remaining cross-equation residual dependence; lag 0 is meaningful for cross-series residuals,,,,,,,,,,1.7125790378804446e-08,0.0,True,INDPRO_GROWTH,UNRATE,0.0,-0.6984181511337024,0.6984181511337024
VARX_D_FEDFUNDS,VARX_D_FEDFUNDS_policy_change_no_m2_endog,1,lagged_cross_correlation,,Residual lagged cross-correlation,smaller absolute cross-correlations indicate weaker remaining cross-equation residual dependence; lag 0 is meaningful for cross-series residuals,,,,,,,,,,1.7125790378804446e-08,0.0,True,INDPRO_GROWTH,INDPRO_GROWTH,10.0,0.24498820231695836,0.24498820231695836
VARX_D_FEDFUNDS,VARX_D_FEDFUNDS_policy_change_no_m2_endog,2,equation_residual,INF,"DW, Ljung-Box, ACF, Jarque-Bera, ARCH-LM",DW near 2; Ljung-Box/JB/ARCH p-values > 0.05 preferred; positive-lag ACF exceedances should be limited,1.9271646302893046,12.0,0.011143153841598146,0.15796177232280909,0.10676800329775729,5.0,0.20833333333333334,8.35274634132205e-30,3.906258099441601e-05,9.672066276830294e-07,0.0,True,,,,,
VARX_D_FEDFUNDS,VARX_D_FEDFUNDS_policy_change_no_m2_endog,2,equation_residual,UNRATE,"DW, Ljung-Box, ACF, Jarque-Bera, ARCH-LM",DW near 2; Ljung-Box/JB/ARCH p-values > 0.05 preferred; positive-lag ACF exceedances should be limited,2.002277185312187,12.0,0.007799677662654138,0.16505023619788398,0.10676800329775729,3.0,0.125,0.0,0.9861199272437725,9.672066276830294e-07,0.0,True,,,,,
VARX_D_FEDFUNDS,VARX_D_FEDFUNDS_policy_change_no_m2_endog,2,equation_residual,INDPRO_GROWTH,"DW, Ljung-Box, ACF, Jarque-Bera, ARCH-LM",DW near 2; Ljung-Box/JB/ARCH p-values > 0.05 preferred; positive-lag ACF exceedances should be limited,1.9554965507809883,12.0,1.4894356070106907e-08,0.2159379768777007,0.10676800329775729,6.0,0.25,0.0,0.006296423002543476,9.672066276830294e-07,0.0,True,,,,,
VARX_D_FEDFUNDS,VARX_D_FEDFUNDS_policy_change_no_m2_endog,2,lagged_cross_correlation,,Residual lagged cross-correlation,smaller absolute cross-correlations indicate weaker remaining cross-equation residual dependence; lag 0 is meaningful for cross-series residuals,,,,,,,,,,9.672066276830294e-07,0.0,True,INF,INF,11.0,0.15796177232280909,0.15796177232280909
VARX_D_FEDFUNDS,VARX_D_FEDFUNDS_policy_change_no_m2_endog,2,lagged_cross_correlation,,Residual lagged cross-correlation,smaller absolute cross-correlations indicate weaker remaining cross-equation residual dependence; lag 0 is meaningful for cross-series residuals,,,,,,,,,,9.672066276830294e-07,0.0,True,INF,UNRATE,0.0,-0.17303115313635892,0.17303115313635892
VARX_D_FEDFUNDS,VARX_D_FEDFUNDS_policy_change_no_m2_endog,2,lagged_cross_correlation,,Residual lagged cross-correlation,smaller absolute cross-correlations indicate weaker remaining cross-equation residual dependence; lag 0 is meaningful for cross-series residuals,,,,,,,,,,9.672066276830294e-07,0.0,True,INF,INDPRO_GROWTH,12.0,-0.140714676390573,0.140714676390573
VARX_D_FEDFUNDS,VARX_D_FEDFUNDS_policy_change_no_m2_endog,2,lagged_cross_correlation,,Residual lagged cross-correlation,smaller absolute cross-correlations indicate weaker remaining cross-equation residual dependence; lag 0 is meaningful for cross-series residuals,,,,,,,,,,9.672066276830294e-07,0.0,True,UNRATE,INF,0.0,-0.17303115313635895,0.17303115313635895
VARX_D_FEDFUNDS,VARX_D_FEDFUNDS_policy_change_no_m2_endog,2,lagged_cross_correlation,,Residual lagged cross-correlation,smaller absolute cross-correlations indicate weaker remaining cross-equation residual dependence; lag 0 is meaningful for cross-series residuals,,,,,,,,,,9.672066276830294e-07,0.0,True,UNRATE,UNRATE,3.0,0.16505023619788398,0.16505023619788398
VARX_D_FEDFUNDS,VARX_D_FEDFUNDS_policy_change_no_m2_endog,2,lagged_cross_correlation,,Residual lagged cross-correlation,smaller absolute cross-correlations indicate weaker remaining cross-equation residual dependence; lag 0 is meaningful for cross-series residuals,,,,,,,,,,9.672066276830294e-07,0.0,True,UNRATE,INDPRO_GROWTH,0.0,-0.6900793488787625,0.6900793488787625
VARX_D_FEDFUNDS,VARX_D_FEDFUNDS_policy_change_no_m2_endog,2,lagged_cross_correlation,,Residual lagged cross-correlation,smaller absolute cross-correlations indicate weaker remaining cross-equation residual dependence; lag 0 is meaningful for cross-series residuals,,,,,,,,,,9.672066276830294e-07,0.0,True,INDPRO_GROWTH,INF,-12.0,-0.140714676390573,0.140714676390573
VARX_D_FEDFUNDS,VARX_D_FEDFUNDS_policy_change_no_m2_endog,2,lagged_cross_correlation,,Residual lagged cross-correlation,smaller absolute cross-correlations indicate weaker remaining cross-equation residual dependence; lag 0 is meaningful for cross-series residuals,,,,,,,,,,9.672066276830294e-07,0.0,True,INDPRO_GROWTH,UNRATE,0.0,-0.6900793488787627,0.6900793488787627
VARX_D_FEDFUNDS,VARX_D_FEDFUNDS_policy_change_no_m2_endog,2,lagged_cross_correlation,,Residual lagged cross-correlation,smaller absolute cross-correlations indicate weaker remaining cross-equation residual dependence; lag 0 is meaningful for cross-series residuals,,,,,,,,,,9.672066276830294e-07,0.0,True,INDPRO_GROWTH,INDPRO_GROWTH,10.0,0.2159379768777007,0.2159379768777007
VARX_D_FEDFUNDS,VARX_D_FEDFUNDS_policy_change_no_m2_endog,3,equation_residual,INF,"DW, Ljung-Box, ACF, Jarque-Bera, ARCH-LM",DW near 2; Ljung-Box/JB/ARCH p-values > 0.05 preferred; positive-lag ACF exceedances should be limited,1.980665745223935,12.0,0.06887021997913952,0.15405394066034708,0.10692676621563627,4.0,0.16666666666666666,6.766723048613856e-20,1.8380897140533673e-05,7.607118753687305e-08,0.0,True,,,,,
VARX_D_FEDFUNDS,VARX_D_FEDFUNDS_policy_change_no_m2_endog,3,equation_residual,UNRATE,"DW, Ljung-Box, ACF, Jarque-Bera, ARCH-LM",DW near 2; Ljung-Box/JB/ARCH p-values > 0.05 preferred; positive-lag ACF exceedances should be limited,1.9609127988617197,12.0,0.010501023148250903,0.14272306808504073,0.10692676621563627,4.0,0.16666666666666666,0.0,0.9927406281423732,7.607118753687305e-08,0.0,True,,,,,
VARX_D_FEDFUNDS,VARX_D_FEDFUNDS_policy_change_no_m2_endog,3,equation_residual,INDPRO_GROWTH,"DW, Ljung-Box, ACF, Jarque-Bera, ARCH-LM",DW near 2; Ljung-Box/JB/ARCH p-values > 0.05 preferred; positive-lag ACF exceedances should be limited,1.9866238382393095,12.0,8.162546209469964e-07,0.21696913042965008,0.10692676621563627,7.0,0.2916666666666667,0.0,0.01657755213583814,7.607118753687305e-08,0.0,True,,,,,
VARX_D_FEDFUNDS,VARX_D_FEDFUNDS_policy_change_no_m2_endog,3,lagged_cross_correlation,,Residual lagged cross-correlation,smaller absolute cross-correlations indicate weaker remaining cross-equation residual dependence; lag 0 is meaningful for cross-series residuals,,,,,,,,,,7.607118753687305e-08,0.0,True,INF,INF,11.0,0.15405394066034708,0.15405394066034708
VARX_D_FEDFUNDS,VARX_D_FEDFUNDS_policy_change_no_m2_endog,3,lagged_cross_correlation,,Residual lagged cross-correlation,smaller absolute cross-correlations indicate weaker remaining cross-equation residual dependence; lag 0 is meaningful for cross-series residuals,,,,,,,,,,7.607118753687305e-08,0.0,True,INF,UNRATE,0.0,-0.15481081852641196,0.15481081852641196
VARX_D_FEDFUNDS,VARX_D_FEDFUNDS_policy_change_no_m2_endog,3,lagged_cross_correlation,,Residual lagged cross-correlation,smaller absolute cross-correlations indicate weaker remaining cross-equation residual dependence; lag 0 is meaningful for cross-series residuals,,,,,,,,,,7.607118753687305e-08,0.0,True,INF,INDPRO_GROWTH,12.0,-0.13511506997857184,0.13511506997857184
VARX_D_FEDFUNDS,VARX_D_FEDFUNDS_policy_change_no_m2_endog,3,lagged_cross_correlation,,Residual lagged cross-correlation,smaller absolute cross-correlations indicate weaker remaining cross-equation residual dependence; lag 0 is meaningful for cross-series residuals,,,,,,,,,,7.607118753687305e-08,0.0,True,UNRATE,INF,0.0,-0.15481081852641196,0.15481081852641196
VARX_D_FEDFUNDS,VARX_D_FEDFUNDS_policy_change_no_m2_endog,3,lagged_cross_correlation,,Residual lagged cross-correlation,smaller absolute cross-correlations indicate weaker remaining cross-equation residual dependence; lag 0 is meaningful for cross-series residuals,,,,,,,,,,7.607118753687305e-08,0.0,True,UNRATE,UNRATE,2.0,0.14272306808504073,0.14272306808504073
VARX_D_FEDFUNDS,VARX_D_FEDFUNDS_policy_change_no_m2_endog,3,lagged_cross_correlation,,Residual lagged cross-correlation,smaller absolute cross-correlations indicate weaker remaining cross-equation residual dependence; lag 0 is meaningful for cross-series residuals,,,,,,,,,,7.607118753687305e-08,0.0,True,UNRATE,INDPRO_GROWTH,0.0,-0.6830916604400711,0.6830916604400711
VARX_D_FEDFUNDS,VARX_D_FEDFUNDS_policy_change_no_m2_endog,3,lagged_cross_correlation,,Residual lagged cross-correlation,smaller absolute cross-correlations indicate weaker remaining cross-equation residual dependence; lag 0 is meaningful for cross-series residuals,,,,,,,,,,7.607118753687305e-08,0.0,True,INDPRO_GROWTH,INF,-12.0,-0.13511506997857184,0.13511506997857184
VARX_D_FEDFUNDS,VARX_D_FEDFUNDS_policy_change_no_m2_endog,3,lagged_cross_correlation,,Residual lagged cross-correlation,smaller absolute cross-correlations indicate weaker remaining cross-equation residual dependence; lag 0 is meaningful for cross-series residuals,,,,,,,,,,7.607118753687305e-08,0.0,True,INDPRO_GROWTH,UNRATE,0.0,-0.683091660440071,0.683091660440071
VARX_D_FEDFUNDS,VARX_D_FEDFUNDS_policy_change_no_m2_endog,3,lagged_cross_correlation,,Residual lagged cross-correlation,smaller absolute cross-correlations indicate weaker remaining cross-equation residual dependence; lag 0 is meaningful for cross-series residuals,,,,,,,,,,7.607118753687305e-08,0.0,True,INDPRO_GROWTH,INDPRO_GROWTH,10.0,0.21696913042965008,0.21696913042965008
VARX_D_FEDFUNDS,VARX_D_FEDFUNDS_policy_change_no_m2_endog,4,equation_residual,INF,"DW, Ljung-Box, ACF, Jarque-Bera, ARCH-LM",DW near 2; Ljung-Box/JB/ARCH p-values > 0.05 preferred; positive-lag ACF exceedances should be limited,1.9587430274770388,12.0,0.12695099548418906,0.14654101019856597,0.107086239482798,4.0,0.16666666666666666,1.815572069429792e-25,3.114238924124728e-05,7.410337113432131e-08,0.0,True,,,,,
VARX_D_FEDFUNDS,VARX_D_FEDFUNDS_policy_change_no_m2_endog,4,equation_residual,UNRATE,"DW, Ljung-Box, ACF, Jarque-Bera, ARCH-LM",DW near 2; Ljung-Box/JB/ARCH p-values > 0.05 preferred; positive-lag ACF exceedances should be limited,1.964428078319388,12.0,0.01133152555447346,0.1442657805098287,0.107086239482798,4.0,0.16666666666666666,0.0,0.9931259505501402,7.410337113432131e-08,0.0,True,,,,,
VARX_D_FEDFUNDS,VARX_D_FEDFUNDS_policy_change_no_m2_endog,4,equation_residual,INDPRO_GROWTH,"DW, Ljung-Box, ACF, Jarque-Bera, ARCH-LM",DW near 2; Ljung-Box/JB/ARCH p-values > 0.05 preferred; positive-lag ACF exceedances should be limited,1.9909578931501275,12.0,0.00026591834248292806,0.20119632986440034,0.107086239482798,6.0,0.25,0.0,0.09100397521798011,7.410337113432131e-08,0.0,True,,,,,
VARX_D_FEDFUNDS,VARX_D_FEDFUNDS_policy_change_no_m2_endog,4,lagged_cross_correlation,,Residual lagged cross-correlation,smaller absolute cross-correlations indicate weaker remaining cross-equation residual dependence; lag 0 is meaningful for cross-series residuals,,,,,,,,,,7.410337113432131e-08,0.0,True,INF,INF,11.0,0.14654101019856597,0.14654101019856597
VARX_D_FEDFUNDS,VARX_D_FEDFUNDS_policy_change_no_m2_endog,4,lagged_cross_correlation,,Residual lagged cross-correlation,smaller absolute cross-correlations indicate weaker remaining cross-equation residual dependence; lag 0 is meaningful for cross-series residuals,,,,,,,,,,7.410337113432131e-08,0.0,True,INF,UNRATE,0.0,-0.1573491702069205,0.1573491702069205
VARX_D_FEDFUNDS,VARX_D_FEDFUNDS_policy_change_no_m2_endog,4,lagged_cross_correlation,,Residual lagged cross-correlation,smaller absolute cross-correlations indicate weaker remaining cross-equation residual dependence; lag 0 is meaningful for cross-series residuals,,,,,,,,,,7.410337113432131e-08,0.0,True,INF,INDPRO_GROWTH,12.0,-0.11966658711075509,0.11966658711075509
VARX_D_FEDFUNDS,VARX_D_FEDFUNDS_policy_change_no_m2_endog,4,lagged_cross_correlation,,Residual lagged cross-correlation,smaller absolute cross-correlations indicate weaker remaining cross-equation residual dependence; lag 0 is meaningful for cross-series residuals,,,,,,,,,,7.410337113432131e-08,0.0,True,UNRATE,INF,0.0,-0.1573491702069205,0.1573491702069205
VARX_D_FEDFUNDS,VARX_D_FEDFUNDS_policy_change_no_m2_endog,4,lagged_cross_correlation,,Residual lagged cross-correlation,smaller absolute cross-correlations indicate weaker remaining cross-equation residual dependence; lag 0 is meaningful for cross-series residuals,,,,,,,,,,7.410337113432131e-08,0.0,True,UNRATE,UNRATE,2.0,0.1442657805098287,0.1442657805098287
VARX_D_FEDFUNDS,VARX_D_FEDFUNDS_policy_change_no_m2_endog,4,lagged_cross_correlation,,Residual lagged cross-correlation,smaller absolute cross-correlations indicate weaker remaining cross-equation residual dependence; lag 0 is meaningful for cross-series residuals,,,,,,,,,,7.410337113432131e-08,0.0,True,UNRATE,INDPRO_GROWTH,0.0,-0.6960567663353826,0.6960567663353826
VARX_D_FEDFUNDS,VARX_D_FEDFUNDS_policy_change_no_m2_endog,4,lagged_cross_correlation,,Residual lagged cross-correlation,smaller absolute cross-correlations indicate weaker remaining cross-equation residual dependence; lag 0 is meaningful for cross-series residuals,,,,,,,,,,7.410337113432131e-08,0.0,True,INDPRO_GROWTH,INF,-12.0,-0.11966658711075509,0.11966658711075509
VARX_D_FEDFUNDS,VARX_D_FEDFUNDS_policy_change_no_m2_endog,4,lagged_cross_correlation,,Residual lagged cross-correlation,smaller absolute cross-correlations indicate weaker remaining cross-equation residual dependence; lag 0 is meaningful for cross-series residuals,,,,,,,,,,7.410337113432131e-08,0.0,True,INDPRO_GROWTH,UNRATE,0.0,-0.6960567663353826,0.6960567663353826
VARX_D_FEDFUNDS,VARX_D_FEDFUNDS_policy_change_no_m2_endog,4,lagged_cross_correlation,,Residual lagged cross-correlation,smaller absolute cross-correlations indicate weaker remaining cross-equation residual dependence; lag 0 is meaningful for cross-series residuals,,,,,,,,,,7.410337113432131e-08,0.0,True,INDPRO_GROWTH,INDPRO_GROWTH,10.0,0.20119632986440034,0.20119632986440034
VARX_D_FEDFUNDS,VARX_D_FEDFUNDS_policy_change_no_m2_endog,5,equation_residual,INF,"DW, Ljung-Box, ACF, Jarque-Bera, ARCH-LM",DW near 2; Ljung-Box/JB/ARCH p-values > 0.05 preferred; positive-lag ACF exceedances should be limited,1.968783084566004,12.0,0.1586148824363364,0.14871746186617757,0.10724642841225822,4.0,0.16666666666666666,6.83673949700426e-22,6.451336102639235e-05,1.1091091423974287e-07,0.0,True,,,,,
VARX_D_FEDFUNDS,VARX_D_FEDFUNDS_policy_change_no_m2_endog,5,equation_residual,UNRATE,"DW, Ljung-Box, ACF, Jarque-Bera, ARCH-LM",DW near 2; Ljung-Box/JB/ARCH p-values > 0.05 preferred; positive-lag ACF exceedances should be limited,1.972135697718725,12.0,0.00351502322650861,0.14787252302589718,0.10724642841225822,5.0,0.20833333333333334,0.0,0.9982668946459405,1.1091091423974287e-07,0.0,True,,,,,
VARX_D_FEDFUNDS,VARX_D_FEDFUNDS_policy_change_no_m2_endog,5,equation_residual,INDPRO_GROWTH,"DW, Ljung-Box, ACF, Jarque-Bera, ARCH-LM",DW near 2; Ljung-Box/JB/ARCH p-values > 0.05 preferred; positive-lag ACF exceedances should be limited,1.9867881025297218,12.0,0.005114420967675682,0.1827524092751984,0.10724642841225822,3.0,0.125,0.0,0.242184936404489,1.1091091423974287e-07,0.0,True,,,,,
VARX_D_FEDFUNDS,VARX_D_FEDFUNDS_policy_change_no_m2_endog,5,lagged_cross_correlation,,Residual lagged cross-correlation,smaller absolute cross-correlations indicate weaker remaining cross-equation residual dependence; lag 0 is meaningful for cross-series residuals,,,,,,,,,,1.1091091423974287e-07,0.0,True,INF,INF,11.0,0.14871746186617757,0.14871746186617757
VARX_D_FEDFUNDS,VARX_D_FEDFUNDS_policy_change_no_m2_endog,5,lagged_cross_correlation,,Residual lagged cross-correlation,smaller absolute cross-correlations indicate weaker remaining cross-equation residual dependence; lag 0 is meaningful for cross-series residuals,,,,,,,,,,1.1091091423974287e-07,0.0,True,INF,UNRATE,0.0,-0.16360391587388257,0.16360391587388257
VARX_D_FEDFUNDS,VARX_D_FEDFUNDS_policy_change_no_m2_endog,5,lagged_cross_correlation,,Residual lagged cross-correlation,smaller absolute cross-correlations indicate weaker remaining cross-equation residual dependence; lag 0 is meaningful for cross-series residuals,,,,,,,,,,1.1091091423974287e-07,0.0,True,INF,INDPRO_GROWTH,-2.0,0.11039994147299802,0.11039994147299802
VARX_D_FEDFUNDS,VARX_D_FEDFUNDS_policy_change_no_m2_endog,5,lagged_cross_correlation,,Residual lagged cross-correlation,smaller absolute cross-correlations indicate weaker remaining cross-equation residual dependence; lag 0 is meaningful for cross-series residuals,,,,,,,,,,1.1091091423974287e-07,0.0,True,UNRATE,INF,0.0,-0.16360391587388254,0.16360391587388254
VARX_D_FEDFUNDS,VARX_D_FEDFUNDS_policy_change_no_m2_endog,5,lagged_cross_correlation,,Residual lagged cross-correlation,smaller absolute cross-correlations indicate weaker remaining cross-equation residual dependence; lag 0 is meaningful for cross-series residuals,,,,,,,,,,1.1091091423974287e-07,0.0,True,UNRATE,UNRATE,2.0,0.14787252302589718,0.14787252302589718
VARX_D_FEDFUNDS,VARX_D_FEDFUNDS_policy_change_no_m2_endog,5,lagged_cross_correlation,,Residual lagged cross-correlation,smaller absolute cross-correlations indicate weaker remaining cross-equation residual dependence; lag 0 is meaningful for cross-series residuals,,,,,,,,,,1.1091091423974287e-07,0.0,True,UNRATE,INDPRO_GROWTH,0.0,-0.7018867379462852,0.7018867379462852
VARX_D_FEDFUNDS,VARX_D_FEDFUNDS_policy_change_no_m2_endog,5,lagged_cross_correlation,,Residual lagged cross-correlation,smaller absolute cross-correlations indicate weaker remaining cross-equation residual dependence; lag 0 is meaningful for cross-series residuals,,,,,,,,,,1.1091091423974287e-07,0.0,True,INDPRO_GROWTH,INF,2.0,0.11039994147299802,0.11039994147299802
VARX_D_FEDFUNDS,VARX_D_FEDFUNDS_policy_change_no_m2_endog,5,lagged_cross_correlation,,Residual lagged cross-correlation,smaller absolute cross-correlations indicate weaker remaining cross-equation residual dependence; lag 0 is meaningful for cross-series residuals,,,,,,,,,,1.1091091423974287e-07,0.0,True,INDPRO_GROWTH,UNRATE,0.0,-0.7018867379462855,0.7018867379462855
VARX_D_FEDFUNDS,VARX_D_FEDFUNDS_policy_change_no_m2_endog,5,lagged_cross_correlation,,Residual lagged cross-correlation,smaller absolute cross-correlations indicate weaker remaining cross-equation residual dependence; lag 0 is meaningful for cross-series residuals,,,,,,,,,,1.1091091423974287e-07,0.0,True,INDPRO_GROWTH,INDPRO_GROWTH,10.0,0.1827524092751984,0.1827524092751984
VARX_D_FEDFUNDS,VARX_D_FEDFUNDS_policy_change_no_m2_endog,6,equation_residual,INF,"DW, Ljung-Box, ACF, Jarque-Bera, ARCH-LM",DW near 2; Ljung-Box/JB/ARCH p-values > 0.05 preferred; positive-lag ACF exceedances should be limited,1.9795126091384452,12.0,0.299847204708734,0.1440653203915408,0.10740733837283342,4.0,0.16666666666666666,2.4064709703160115e-19,9.540572395329933e-05,6.701537852764748e-06,0.0,True,,,,,
VARX_D_FEDFUNDS,VARX_D_FEDFUNDS_policy_change_no_m2_endog,6,equation_residual,UNRATE,"DW, Ljung-Box, ACF, Jarque-Bera, ARCH-LM",DW near 2; Ljung-Box/JB/ARCH p-values > 0.05 preferred; positive-lag ACF exceedances should be limited,1.9671737235334334,12.0,0.001982768750441651,0.14825163455885004,0.10740733837283342,4.0,0.16666666666666666,0.0,0.9989815139680315,6.701537852764748e-06,0.0,True,,,,,
VARX_D_FEDFUNDS,VARX_D_FEDFUNDS_policy_change_no_m2_endog,6,equation_residual,INDPRO_GROWTH,"DW, Ljung-Box, ACF, Jarque-Bera, ARCH-LM",DW near 2; Ljung-Box/JB/ARCH p-values > 0.05 preferred; positive-lag ACF exceedances should be limited,1.947717426661315,12.0,0.028824351350611354,0.15809049096272515,0.10740733837283342,3.0,0.125,0.0,0.3742016691114866,6.701537852764748e-06,0.0,True,,,,,
VARX_D_FEDFUNDS,VARX_D_FEDFUNDS_policy_change_no_m2_endog,6,lagged_cross_correlation,,Residual lagged cross-correlation,smaller absolute cross-correlations indicate weaker remaining cross-equation residual dependence; lag 0 is meaningful for cross-series residuals,,,,,,,,,,6.701537852764748e-06,0.0,True,INF,INF,11.0,0.1440653203915408,0.1440653203915408
VARX_D_FEDFUNDS,VARX_D_FEDFUNDS_policy_change_no_m2_endog,6,lagged_cross_correlation,,Residual lagged cross-correlation,smaller absolute cross-correlations indicate weaker remaining cross-equation residual dependence; lag 0 is meaningful for cross-series residuals,,,,,,,,,,6.701537852764748e-06,0.0,True,INF,UNRATE,0.0,-0.16604282948708235,0.16604282948708235
VARX_D_FEDFUNDS,VARX_D_FEDFUNDS_policy_change_no_m2_endog,6,lagged_cross_correlation,,Residual lagged cross-correlation,smaller absolute cross-correlations indicate weaker remaining cross-equation residual dependence; lag 0 is meaningful for cross-series residuals,,,,,,,,,,6.701537852764748e-06,0.0,True,INF,INDPRO_GROWTH,12.0,-0.11549469169028644,0.11549469169028644
VARX_D_FEDFUNDS,VARX_D_FEDFUNDS_policy_change_no_m2_endog,6,lagged_cross_correlation,,Residual lagged cross-correlation,smaller absolute cross-correlations indicate weaker remaining cross-equation residual dependence; lag 0 is meaningful for cross-series residuals,,,,,,,,,,6.701537852764748e-06,0.0,True,UNRATE,INF,0.0,-0.16604282948708235,0.16604282948708235
VARX_D_FEDFUNDS,VARX_D_FEDFUNDS_policy_change_no_m2_endog,6,lagged_cross_correlation,,Residual lagged cross-correlation,smaller absolute cross-correlations indicate weaker remaining cross-equation residual dependence; lag 0 is meaningful for cross-series residuals,,,,,,,,,,6.701537852764748e-06,0.0,True,UNRATE,UNRATE,2.0,0.14825163455885004,0.14825163455885004
VARX_D_FEDFUNDS,VARX_D_FEDFUNDS_policy_change_no_m2_endog,6,lagged_cross_correlation,,Residual lagged cross-correlation,smaller absolute cross-correlations indicate weaker remaining cross-equation residual dependence; lag 0 is meaningful for cross-series residuals,,,,,,,,,,6.701537852764748e-06,0.0,True,UNRATE,INDPRO_GROWTH,0.0,-0.7126266521127481,0.7126266521127481
VARX_D_FEDFUNDS,VARX_D_FEDFUNDS_policy_change_no_m2_endog,6,lagged_cross_correlation,,Residual lagged cross-correlation,smaller absolute cross-correlations indicate weaker remaining cross-equation residual dependence; lag 0 is meaningful for cross-series residuals,,,,,,,,,,6.701537852764748e-06,0.0,True,INDPRO_GROWTH,INF,-12.0,-0.11549469169028642,0.11549469169028642
VARX_D_FEDFUNDS,VARX_D_FEDFUNDS_policy_change_no_m2_endog,6,lagged_cross_correlation,,Residual lagged cross-correlation,smaller absolute cross-correlations indicate weaker remaining cross-equation residual dependence; lag 0 is meaningful for cross-series residuals,,,,,,,,,,6.701537852764748e-06,0.0,True,INDPRO_GROWTH,UNRATE,0.0,-0.7126266521127481,0.7126266521127481
VARX_D_FEDFUNDS,VARX_D_FEDFUNDS_policy_change_no_m2_endog,6,lagged_cross_correlation,,Residual lagged cross-correlation,smaller absolute cross-correlations indicate weaker remaining cross-equation residual dependence; lag 0 is meaningful for cross-series residuals,,,,,,,,,,6.701537852764748e-06,0.0,True,INDPRO_GROWTH,INDPRO_GROWTH,10.0,0.15809049096272515,0.15809049096272515
VARX_D_FEDFUNDS,VARX_D_FEDFUNDS_policy_change_no_m2_endog,7,equation_residual,INF,"DW, Ljung-Box, ACF, Jarque-Bera, ARCH-LM",DW near 2; Ljung-Box/JB/ARCH p-values > 0.05 preferred; positive-lag ACF exceedances should be limited,1.957458033542124,12.0,0.31096917917851935,0.1508160108751346,0.10756897478989653,2.0,0.08333333333333333,2.6969445054317446e-18,0.00017456168158915808,3.6014954153819845e-06,0.0,True,,,,,
VARX_D_FEDFUNDS,VARX_D_FEDFUNDS_policy_change_no_m2_endog,7,equation_residual,UNRATE,"DW, Ljung-Box, ACF, Jarque-Bera, ARCH-LM",DW near 2; Ljung-Box/JB/ARCH p-values > 0.05 preferred; positive-lag ACF exceedances should be limited,1.9762269328435345,12.0,0.0015106666751353217,0.14950544822894582,0.10756897478989653,4.0,0.16666666666666666,0.0,0.9992760177490946,3.6014954153819845e-06,0.0,True,,,,,
VARX_D_FEDFUNDS,VARX_D_FEDFUNDS_policy_change_no_m2_endog,7,equation_residual,INDPRO_GROWTH,"DW, Ljung-Box, ACF, Jarque-Bera, ARCH-LM",DW near 2; Ljung-Box/JB/ARCH p-values > 0.05 preferred; positive-lag ACF exceedances should be limited,1.9414156977255832,12.0,0.030784214191888176,0.1450270583174603,0.10756897478989653,3.0,0.125,0.0,0.35542664774599164,3.6014954153819845e-06,0.0,True,,,,,
VARX_D_FEDFUNDS,VARX_D_FEDFUNDS_policy_change_no_m2_endog,7,lagged_cross_correlation,,Residual lagged cross-correlation,smaller absolute cross-correlations indicate weaker remaining cross-equation residual dependence; lag 0 is meaningful for cross-series residuals,,,,,,,,,,3.6014954153819845e-06,0.0,True,INF,INF,11.0,0.1508160108751346,0.1508160108751346
VARX_D_FEDFUNDS,VARX_D_FEDFUNDS_policy_change_no_m2_endog,7,lagged_cross_correlation,,Residual lagged cross-correlation,smaller absolute cross-correlations indicate weaker remaining cross-equation residual dependence; lag 0 is meaningful for cross-series residuals,,,,,,,,,,3.6014954153819845e-06,0.0,True,INF,UNRATE,0.0,-0.16907662008844324,0.16907662008844324
VARX_D_FEDFUNDS,VARX_D_FEDFUNDS_policy_change_no_m2_endog,7,lagged_cross_correlation,,Residual lagged cross-correlation,smaller absolute cross-correlations indicate weaker remaining cross-equation residual dependence; lag 0 is meaningful for cross-series residuals,,,,,,,,,,3.6014954153819845e-06,0.0,True,INF,INDPRO_GROWTH,12.0,-0.11951245905839125,0.11951245905839125
VARX_D_FEDFUNDS,VARX_D_FEDFUNDS_policy_change_no_m2_endog,7,lagged_cross_correlation,,Residual lagged cross-correlation,smaller absolute cross-correlations indicate weaker remaining cross-equation residual dependence; lag 0 is meaningful for cross-series residuals,,,,,,,,,,3.6014954153819845e-06,0.0,True,UNRATE,INF,0.0,-0.16907662008844324,0.16907662008844324
VARX_D_FEDFUNDS,VARX_D_FEDFUNDS_policy_change_no_m2_endog,7,lagged_cross_correlation,,Residual lagged cross-correlation,smaller absolute cross-correlations indicate weaker remaining cross-equation residual dependence; lag 0 is meaningful for cross-series residuals,,,,,,,,,,3.6014954153819845e-06,0.0,True,UNRATE,UNRATE,2.0,0.14950544822894582,0.14950544822894582
VARX_D_FEDFUNDS,VARX_D_FEDFUNDS_policy_change_no_m2_endog,7,lagged_cross_correlation,,Residual lagged cross-correlation,smaller absolute cross-correlations indicate weaker remaining cross-equation residual dependence; lag 0 is meaningful for cross-series residuals,,,,,,,,,,3.6014954153819845e-06,0.0,True,UNRATE,INDPRO_GROWTH,0.0,-0.7154288043335647,0.7154288043335647
VARX_D_FEDFUNDS,VARX_D_FEDFUNDS_policy_change_no_m2_endog,7,lagged_cross_correlation,,Residual lagged cross-correlation,smaller absolute cross-correlations indicate weaker remaining cross-equation residual dependence; lag 0 is meaningful for cross-series residuals,,,,,,,,,,3.6014954153819845e-06,0.0,True,INDPRO_GROWTH,INF,-12.0,-0.11951245905839125,0.11951245905839125
VARX_D_FEDFUNDS,VARX_D_FEDFUNDS_policy_change_no_m2_endog,7,lagged_cross_correlation,,Residual lagged cross-correlation,smaller absolute cross-correlations indicate weaker remaining cross-equation residual dependence; lag 0 is meaningful for cross-series residuals,,,,,,,,,,3.6014954153819845e-06,0.0,True,INDPRO_GROWTH,UNRATE,0.0,-0.7154288043335647,0.7154288043335647
VARX_D_FEDFUNDS,VARX_D_FEDFUNDS_policy_change_no_m2_endog,7,lagged_cross_correlation,,Residual lagged cross-correlation,smaller absolute cross-correlations indicate weaker remaining cross-equation residual dependence; lag 0 is meaningful for cross-series residuals,,,,,,,,,,3.6014954153819845e-06,0.0,True,INDPRO_GROWTH,INDPRO_GROWTH,10.0,0.1450270583174603,0.1450270583174603
VARX_D_FEDFUNDS,VARX_D_FEDFUNDS_policy_change_no_m2_endog,8,equation_residual,INF,"DW, Ljung-Box, ACF, Jarque-Bera, ARCH-LM",DW near 2; Ljung-Box/JB/ARCH p-values > 0.05 preferred; positive-lag ACF exceedances should be limited,1.9723299557561127,12.0,0.4036684141351614,0.14111013314747117,0.10773134314614528,2.0,0.08333333333333333,5.1046095665689876e-17,0.0001566183992190436,1.0913978947381043e-09,0.0,True,,,,,
VARX_D_FEDFUNDS,VARX_D_FEDFUNDS_policy_change_no_m2_endog,8,equation_residual,UNRATE,"DW, Ljung-Box, ACF, Jarque-Bera, ARCH-LM",DW near 2; Ljung-Box/JB/ARCH p-values > 0.05 preferred; positive-lag ACF exceedances should be limited,1.9737062731556114,12.0,0.0007631260519012635,0.14518758502298745,0.10773134314614528,4.0,0.16666666666666666,0.0,0.9994756956556428,1.0913978947381043e-09,0.0,True,,,,,
VARX_D_FEDFUNDS,VARX_D_FEDFUNDS_policy_change_no_m2_endog,8,equation_residual,INDPRO_GROWTH,"DW, Ljung-Box, ACF, Jarque-Bera, ARCH-LM",DW near 2; Ljung-Box/JB/ARCH p-values > 0.05 preferred; positive-lag ACF exceedances should be limited,1.9436810714421666,12.0,0.03841962334513715,0.1351500081854036,0.10773134314614528,3.0,0.125,0.0,0.29354154096013046,1.0913978947381043e-09,0.0,True,,,,,
VARX_D_FEDFUNDS,VARX_D_FEDFUNDS_policy_change_no_m2_endog,8,lagged_cross_correlation,,Residual lagged cross-correlation,smaller absolute cross-correlations indicate weaker remaining cross-equation residual dependence; lag 0 is meaningful for cross-series residuals,,,,,,,,,,1.0913978947381043e-09,0.0,True,INF,INF,11.0,0.14111013314747117,0.14111013314747117
VARX_D_FEDFUNDS,VARX_D_FEDFUNDS_policy_change_no_m2_endog,8,lagged_cross_correlation,,Residual lagged cross-correlation,smaller absolute cross-correlations indicate weaker remaining cross-equation residual dependence; lag 0 is meaningful for cross-series residuals,,,,,,,,,,1.0913978947381043e-09,0.0,True,INF,UNRATE,0.0,-0.16603092048284313,0.16603092048284313
VARX_D_FEDFUNDS,VARX_D_FEDFUNDS_policy_change_no_m2_endog,8,lagged_cross_correlation,,Residual lagged cross-correlation,smaller absolute cross-correlations indicate weaker remaining cross-equation residual dependence; lag 0 is meaningful for cross-series residuals,,,,,,,,,,1.0913978947381043e-09,0.0,True,INF,INDPRO_GROWTH,12.0,-0.1173667680742392,0.1173667680742392
VARX_D_FEDFUNDS,VARX_D_FEDFUNDS_policy_change_no_m2_endog,8,lagged_cross_correlation,,Residual lagged cross-correlation,smaller absolute cross-correlations indicate weaker remaining cross-equation residual dependence; lag 0 is meaningful for cross-series residuals,,,,,,,,,,1.0913978947381043e-09,0.0,True,UNRATE,INF,0.0,-0.1660309204828431,0.1660309204828431
VARX_D_FEDFUNDS,VARX_D_FEDFUNDS_policy_change_no_m2_endog,8,lagged_cross_correlation,,Residual lagged cross-correlation,smaller absolute cross-correlations indicate weaker remaining cross-equation residual dependence; lag 0 is meaningful for cross-series residuals,,,,,,,,,,1.0913978947381043e-09,0.0,True,UNRATE,UNRATE,2.0,0.14518758502298745,0.14518758502298745
VARX_D_FEDFUNDS,VARX_D_FEDFUNDS_policy_change_no_m2_endog,8,lagged_cross_correlation,,Residual lagged cross-correlation,smaller absolute cross-correlations indicate weaker remaining cross-equation residual dependence; lag 0 is meaningful for cross-series residuals,,,,,,,,,,1.0913978947381043e-09,0.0,True,UNRATE,INDPRO_GROWTH,0.0,-0.7222124018791183,0.7222124018791183
VARX_D_FEDFUNDS,VARX_D_FEDFUNDS_policy_change_no_m2_endog,8,lagged_cross_correlation,,Residual lagged cross-correlation,smaller absolute cross-correlations indicate weaker remaining cross-equation residual dependence; lag 0 is meaningful for cross-series residuals,,,,,,,,,,1.0913978947381043e-09,0.0,True,INDPRO_GROWTH,INF,-12.0,-0.1173667680742392,0.1173667680742392
VARX_D_FEDFUNDS,VARX_D_FEDFUNDS_policy_change_no_m2_endog,8,lagged_cross_correlation,,Residual lagged cross-correlation,smaller absolute cross-correlations indicate weaker remaining cross-equation residual dependence; lag 0 is meaningful for cross-series residuals,,,,,,,,,,1.0913978947381043e-09,0.0,True,INDPRO_GROWTH,UNRATE,0.0,-0.7222124018791183,0.7222124018791183
VARX_D_FEDFUNDS,VARX_D_FEDFUNDS_policy_change_no_m2_endog,8,lagged_cross_correlation,,Residual lagged cross-correlation,smaller absolute cross-correlations indicate weaker remaining cross-equation residual dependence; lag 0 is meaningful for cross-series residuals,,,,,,,,,,1.0913978947381043e-09,0.0,True,INDPRO_GROWTH,INDPRO_GROWTH,2.0,0.1351500081854036,0.1351500081854036
